-- phpMyAdmin SQL Dump
-- version 5.2.0
-- https://www.phpmyadmin.net/
--
-- Хост: 127.0.0.1:3307
-- Время создания: Май 12 2024 г., 19:02
-- Версия сервера: 8.0.30
-- Версия PHP: 8.1.9

SET SQL_MODE = "NO_AUTO_VALUE_ON_ZERO";
START TRANSACTION;
SET time_zone = "+00:00";


/*!40101 SET @OLD_CHARACTER_SET_CLIENT=@@CHARACTER_SET_CLIENT */;
/*!40101 SET @OLD_CHARACTER_SET_RESULTS=@@CHARACTER_SET_RESULTS */;
/*!40101 SET @OLD_COLLATION_CONNECTION=@@COLLATION_CONNECTION */;
/*!40101 SET NAMES utf8mb4 */;

--
-- База данных: `journal`
--

-- --------------------------------------------------------

--
-- Структура таблицы `Discipline`
--

CREATE TABLE `Discipline` (
  `Id` int NOT NULL COMMENT 'Код',
  `Name` varchar(255) CHARACTER SET utf8mb4 COLLATE utf8mb4_0900_ai_ci NOT NULL COMMENT 'Наименование',
  `IdGroup` int NOT NULL COMMENT 'Код группы',
  `IsVisible` int NOT NULL COMMENT 'Отображение',
  `InFact` tinyint(1) NOT NULL COMMENT 'По факту',
  `MailTeacher` varchar(255) NOT NULL COMMENT 'Почта руководителя'
) ENGINE=InnoDB DEFAULT CHARSET=utf8mb4 COLLATE=utf8mb4_0900_ai_ci;

--
-- Дамп данных таблицы `Discipline`
--

INSERT INTO `Discipline` (`Id`, `Name`, `IdGroup`, `IsVisible`, `InFact`, `MailTeacher`) VALUES
(1, 'МДК.01.01 Разработка программных модулей', 1, 1, 0, 'pakandakova@permaviat.ru'),
(2, 'МДК.01.01 Разработка программных модулей', 2, 1, 0, 'ovsitchikhin@permaviat.ru'),
(3, 'МДК.01.03 Разработка мобильных приложений', 1, 0, 0, 'aooshchepkov@permaviat.ru'),
(4, 'МДК.01.03 Разработка мобильных приложений', 2, 0, 0, 'aooshchepkov@permaviat.ru'),
(5, 'МДК.01.03 Разработка мобильных приложений', 3, 1, 1, 'aooshchepkov@permaviat.ru'),
(6, 'МДК.01.03 Разработка мобильных приложений', 4, 1, 1, 'aooshchepkov@permaviat.ru'),
(7, 'МДК.01.01 Разработка программных модулей', 3, 0, 0, 'aooshchepkov@permaviat.ru'),
(8, 'МДК.01.01 Разработка программных модулей', 4, 0, 0, 'aooshchepkov@permaviat.ru'),
(9, 'МДК.02.02 Инструментальные средства разработки программного обеспечения', 3, 1, 0, 'aooshchepkov@permaviat.ru'),
(10, 'МДК.02.02 Инструментальные средства разработки программного обеспечения', 4, 1, 0, 'nsgandzhuntseva@permaviat.ru'),
(11, 'МДК.05.02 Разработка кода информационных систем', 5, 1, 1, 'nsgandzhuntseva@permaviat.ru'),
(12, 'МДК.05.02 Разработка кода информационных систем', 6, 1, 1, 'asparenkova@permaviat.ru'),
(13, 'ОУД.08 Информатика', 7, 1, 1, 'aooshchepkov@permaviat.ru'),
(14, 'ОУД.08 Информатика', 8, 1, 1, 'aooshchepkov@permaviat.ru');

-- --------------------------------------------------------

--
-- Структура таблицы `Evaluation`
--

CREATE TABLE `Evaluation` (
  `Id` int NOT NULL COMMENT 'Код',
  `IdWork` int NOT NULL COMMENT 'Код работы',
  `IdStudent` int NOT NULL COMMENT 'Код студента',
  `Value` varchar(50) CHARACTER SET utf8mb4 COLLATE utf8mb4_0900_ai_ci NOT NULL COMMENT 'Оценка',
  `Lateness` varchar(3) CHARACTER SET utf8mb4 COLLATE utf8mb4_0900_ai_ci NOT NULL COMMENT 'Опоздание',
  `DateUpdate` date NOT NULL COMMENT 'Время выставления'
) ENGINE=InnoDB DEFAULT CHARSET=utf8mb4 COLLATE=utf8mb4_0900_ai_ci;

--
-- Дамп данных таблицы `Evaluation`
--

INSERT INTO `Evaluation` (`Id`, `IdWork`, `IdStudent`, `Value`, `Lateness`, `DateUpdate`) VALUES
(1, 1, 9, '4', '90', '2023-09-04'),
(2, 1, 14, '4', '90', '2023-09-04'),
(3, 1, 44, '', '90', '2023-09-04'),
(4, 1, 19, '3', '90', '2023-09-06'),
(5, 1, 29, '4', '6', '2023-09-04'),
(6, 2, 119, '2', '90', '2023-09-06'),
(7, 2, 124, '3', '90', '2023-09-04'),
(8, 2, 135, '', '90', '2023-09-04'),
(9, 2, 139, '4', '90', '2023-09-06'),
(10, 2, 140, '', '90', '2023-09-04'),
(11, 1, 1, '2', '', '2023-09-04'),
(12, 1, 2, '3', '', '2023-09-04'),
(13, 1, 3, '3', '', '2023-09-04'),
(14, 1, 6, '4', '', '2023-09-04'),
(15, 1, 7, '3', '', '2023-09-04'),
(16, 1, 25, '4', '', '2023-09-04'),
(17, 1, 8, '5', '', '2023-09-04'),
(18, 1, 12, '4', '', '2023-09-04'),
(19, 1, 26, '5', '', '2023-09-04'),
(20, 1, 27, '5', '', '2023-09-04'),
(21, 1, 15, '4', '', '2023-09-04'),
(22, 1, 16, '5', '', '2023-09-04'),
(23, 1, 17, '3', '', '2023-09-04'),
(24, 1, 18, '4', '', '2023-09-04'),
(25, 1, 28, '5', '', '2023-09-04'),
(26, 1, 20, '3', '', '2023-09-04'),
(27, 1, 21, '3', '', '2023-09-04'),
(28, 1, 22, '3', '', '2023-09-04'),
(29, 1, 23, '3', '', '2023-09-04'),
(30, 1, 24, '3', '', '2023-09-04'),
(31, 1, 10, '3', '', '2023-09-04'),
(32, 3, 30, '', '90', '2023-09-04'),
(33, 3, 34, '5', '13', '2023-09-04'),
(34, 3, 35, '', '90', '2023-09-04'),
(35, 3, 38, '', '90', '2023-09-04'),
(36, 3, 41, '3', '12', '2023-09-04'),
(37, 3, 31, '3', '', '2023-09-05'),
(38, 2, 118, '2', '', '2023-09-04'),
(39, 2, 121, '3', '', '2023-09-04'),
(41, 2, 123, '3', '', '2023-09-04'),
(42, 2, 125, '2', '', '2023-09-04'),
(43, 2, 127, '3', '', '2023-09-04'),
(44, 2, 128, '2', '', '2023-09-04'),
(45, 2, 129, '3', '', '2023-09-04'),
(46, 2, 130, '3', '', '2023-09-04'),
(47, 2, 131, '3', '', '2023-09-04'),
(48, 2, 144, '3', '', '2023-09-04'),
(49, 2, 133, '2', '', '2023-09-04'),
(50, 2, 136, '3', '', '2023-09-04'),
(51, 2, 137, '2', '', '2023-09-04'),
(52, 2, 138, '5', '', '2023-09-04'),
(53, 2, 145, '4', '', '2023-09-04'),
(54, 2, 141, '3', '', '2023-09-04'),
(55, 2, 146, '3', '', '2023-09-04'),
(56, 1, 11, '4', '', '2023-09-04'),
(57, 1, 13, '3', '', '2023-09-04'),
(58, 2, 143, '3', '', '2023-09-04'),
(59, 2, 132, '3', '', '2023-09-04'),
(60, 4, 113, '2', '15', '2023-09-04'),
(61, 3, 32, '2', '', '2023-09-04'),
(62, 3, 33, '3', '', '2023-09-04'),
(63, 3, 36, '3', '', '2023-09-04'),
(64, 3, 37, '3', '', '2023-09-04'),
(65, 3, 39, '4', '', '2023-09-04'),
(66, 3, 40, '3', '', '2023-09-06'),
(67, 3, 42, '4', '', '2023-09-04'),
(68, 3, 43, '3', '', '2023-09-04'),
(69, 3, 147, '3', '', '2023-09-04'),
(70, 3, 45, '3', '', '2023-09-06'),
(71, 3, 46, '3', '', '2023-09-04'),
(72, 3, 47, '3', '', '2023-09-04'),
(73, 3, 48, '2', '', '2023-09-04'),
(74, 3, 49, '3', '', '2023-09-04'),
(75, 4, 90, '3', '', '2023-09-04'),
(76, 4, 91, '2', '', '2023-09-04'),
(77, 4, 92, '3', '', '2023-09-04'),
(78, 4, 93, '3', '', '2023-09-04'),
(79, 4, 148, '3', '', '2023-09-04'),
(80, 4, 114, '2', '', '2023-09-04'),
(81, 4, 94, '3', '', '2023-09-04'),
(82, 4, 95, '3', '', '2023-09-04'),
(83, 4, 96, '3', '', '2023-09-04'),
(84, 4, 97, '3', '', '2023-09-04'),
(85, 4, 98, '3', '', '2023-09-04'),
(86, 4, 115, '4', '', '2023-09-04'),
(87, 4, 99, '4', '', '2023-09-04'),
(88, 4, 100, '3', '', '2023-09-04'),
(89, 4, 101, '4', '', '2023-09-04'),
(90, 4, 102, '3', '', '2023-09-04'),
(91, 4, 103, '2', '', '2023-09-04'),
(92, 4, 104, '3', '', '2023-09-04'),
(93, 4, 105, '4', '', '2023-09-04'),
(94, 4, 106, '3', '', '2023-09-04'),
(95, 4, 107, '5', '', '2023-09-04'),
(96, 4, 116, '3', '', '2023-09-04'),
(97, 4, 108, '2', '', '2023-09-04'),
(98, 4, 109, '4', '', '2023-09-04'),
(99, 4, 110, '3', '', '2023-09-04'),
(100, 4, 111, '4', '', '2023-09-04'),
(101, 4, 117, '3', '', '2023-09-04'),
(102, 4, 112, '3', '', '2023-09-04'),
(103, 5, 6, '', '90', '2023-09-05'),
(104, 5, 7, '', '90', '2023-09-05'),
(107, 5, 44, '', '90', '2023-09-05'),
(110, 5, 1, '', '', '2023-09-05'),
(111, 3, 149, '3', '', '2023-09-05'),
(112, 6, 39, '', '', '2023-09-05'),
(113, 7, 97, '', '', '2023-09-05'),
(114, 8, 127, '', '90', '2023-09-06'),
(115, 9, 127, '', '90', '2023-09-05'),
(116, 10, 90, '5', '90', '2023-09-11'),
(117, 10, 113, '', '90', '2023-09-06'),
(118, 10, 114, '', '', '2023-09-24'),
(119, 10, 100, '5', '7', '2023-09-16'),
(120, 10, 103, '5', '90', '2023-09-11'),
(121, 10, 104, '5', '10', '2023-09-16'),
(122, 10, 116, '5', '11', '2023-09-11'),
(123, 10, 108, '5', '', '2023-09-16'),
(124, 8, 125, '5', '90', '2023-09-11'),
(125, 8, 139, '5', '32', '2023-09-11'),
(126, 8, 130, '5', '', '2023-09-06'),
(127, 2, 122, '3', '', '2023-09-06'),
(128, 2, 120, '3', '', '2023-09-06'),
(129, 2, 126, '2', '', '2023-09-06'),
(130, 2, 134, '3', '', '2023-09-06'),
(131, 11, 7, '', '90', '2023-09-06'),
(132, 11, 9, '', '90', '2023-09-06'),
(133, 12, 34, '', '38', '2023-09-06'),
(134, 12, 42, '', '90', '2023-09-06'),
(135, 12, 149, '', '14', '2023-09-06'),
(136, 12, 47, '', '', '2023-09-06'),
(137, 13, 90, '', '10', '2023-09-07'),
(138, 13, 114, '', '15', '2023-09-07'),
(139, 13, 96, '', '14', '2023-09-07'),
(140, 13, 103, '', '38', '2023-09-07'),
(141, 13, 116, '', '11', '2023-09-07'),
(142, 14, 133, '', '8', '2023-09-07'),
(143, 14, 146, '', '8', '2023-09-07'),
(144, 14, 127, '', '8', '2023-09-07'),
(145, 14, 145, '', '8', '2023-09-07'),
(146, 14, 130, '', '10', '2023-09-07'),
(147, 14, 137, '', '12', '2023-09-07'),
(148, 17, 25, '', '90', '2023-09-08'),
(149, 17, 9, '', '90', '2023-09-08'),
(150, 17, 29, '', '90', '2023-09-08'),
(151, 18, 149, '', '7', '2023-09-08'),
(152, 18, 33, '', '90', '2023-09-08'),
(153, 18, 49, '', '90', '2023-09-08'),
(154, 17, 11, '5', '', '2023-09-08'),
(155, 17, 18, '', '', '2023-09-08'),
(156, 19, 90, '3', '', '2023-10-12'),
(157, 19, 114, '', '18', '2023-09-08'),
(158, 19, 96, '5', '', '2023-09-11'),
(159, 20, 119, '5', '90', '2023-09-15'),
(160, 20, 121, '5', '', '2023-09-21'),
(161, 2, 150, '2', '', '2023-09-08'),
(162, 20, 125, '', '90', '2023-12-02'),
(163, 21, 90, '', '90', '2023-09-11'),
(164, 21, 105, '', '7', '2023-09-11'),
(165, 22, 118, '', '37', '2023-09-11'),
(166, 22, 139, '', '', '2023-09-11'),
(167, 21, 108, '4', '', '2023-09-11'),
(168, 19, 108, '3', '', '2023-10-31'),
(169, 20, 131, '4', '', '2023-09-11'),
(170, 13, 108, '5', '', '2023-09-11'),
(171, 10, 112, '5', '', '2023-09-11'),
(172, 10, 96, '5', '', '2023-09-11'),
(173, 10, 105, '5', '', '2023-09-11'),
(174, 10, 92, '5', '', '2023-09-11'),
(175, 10, 110, '5', '', '2023-09-11'),
(176, 10, 111, '5', '', '2023-09-11'),
(177, 10, 106, '5', '', '2023-09-11'),
(178, 10, 94, '5', '', '2023-09-11'),
(179, 10, 99, '5', '', '2023-09-11'),
(180, 10, 101, '5', '', '2023-09-11'),
(181, 10, 95, '5', '', '2023-09-11'),
(182, 10, 91, '5', '', '2023-09-11'),
(183, 10, 102, '5', '', '2023-09-11'),
(184, 10, 109, '5', '', '2023-09-11'),
(185, 10, 98, '5', '', '2023-09-11'),
(186, 10, 93, '5', '', '2023-09-11'),
(187, 10, 117, '5', '', '2023-09-11'),
(188, 8, 119, '5', '', '2023-09-11'),
(189, 8, 134, '5', '', '2023-09-11'),
(190, 9, 130, '5', '', '2023-09-11'),
(191, 8, 123, '5', '', '2023-09-11'),
(192, 8, 131, '5', '', '2023-09-11'),
(193, 8, 132, '5', '', '2023-09-11'),
(194, 8, 141, '5', '', '2023-09-11'),
(195, 8, 145, '5', '', '2023-09-11'),
(196, 8, 118, '5', '', '2023-09-11'),
(197, 8, 137, '5', '', '2023-09-11'),
(198, 8, 122, '5', '', '2023-09-11'),
(199, 8, 143, '5', '', '2023-09-11'),
(200, 22, 123, '', '', '2023-09-11'),
(201, 22, 138, '', '', '2023-09-11'),
(202, 22, 130, '', '', '2023-09-11'),
(204, 22, 131, '', '', '2023-09-11'),
(205, 22, 143, '', '', '2023-09-11'),
(207, 20, 123, '5', '', '2023-09-11'),
(208, 20, 143, '5', '', '2023-09-11'),
(209, 20, 130, '5', '', '2023-09-11'),
(210, 14, 131, '5', '', '2023-09-11'),
(211, 20, 138, '5', '', '2023-09-11'),
(212, 19, 106, '5', '', '2023-09-11'),
(213, 19, 111, '5', '', '2023-09-11'),
(214, 19, 112, '5', '', '2023-09-11'),
(215, 19, 100, '5', '', '2023-09-11'),
(216, 19, 97, '5', '', '2023-09-11'),
(217, 19, 109, '5', '', '2023-09-11'),
(218, 23, 91, '', '16', '2023-09-12'),
(219, 23, 148, '', '90', '2023-09-12'),
(220, 22, 137, '', '', '2023-09-12'),
(221, 23, 109, '', '', '2023-09-12'),
(222, 24, 137, '', '14', '2023-09-12'),
(224, 24, 150, '', '', '2023-09-12'),
(225, 24, 125, '', '90', '2023-09-12'),
(226, 24, 126, '', '90', '2023-09-12'),
(227, 24, 134, '', '', '2023-09-12'),
(228, 23, 97, '', '26', '2023-09-12'),
(229, 23, 105, '', '31', '2023-09-12'),
(230, 25, 7, '5', '10', '2023-09-20'),
(231, 25, 10, '5', '', '2023-09-20'),
(232, 25, 12, '5', '', '2023-09-24'),
(233, 25, 20, '5', '90', '2023-09-20'),
(234, 25, 29, '', '90', '2023-09-12'),
(235, 26, 33, '', '24', '2023-09-12'),
(236, 26, 34, '', '90', '2023-09-12'),
(237, 26, 149, '', '20', '2023-09-12'),
(238, 26, 46, '', '90', '2023-09-12'),
(239, 25, 15, '5', '', '2023-09-20'),
(240, 27, 52, '', '90', '2023-09-12'),
(241, 27, 55, '', '90', '2023-09-12'),
(242, 28, 70, '', '90', '2023-09-12'),
(243, 28, 75, '', '90', '2023-09-12'),
(244, 28, 80, '', '', '2023-09-12'),
(245, 28, 81, '', '90', '2023-09-12'),
(246, 28, 84, '', '90', '2023-09-12'),
(247, 27, 51, '', '', '2023-09-12'),
(248, 29, 70, '', '45', '2023-09-12'),
(249, 30, 83, '', '90', '2023-09-12'),
(250, 30, 70, '', '45', '2023-09-12'),
(251, 31, 52, '', '90', '2023-09-12'),
(252, 32, 52, '', '90', '2023-09-12'),
(253, 32, 53, '', '90', '2023-09-12'),
(254, 31, 55, '', '90', '2023-09-12'),
(255, 32, 55, '', '90', '2023-09-12'),
(256, 30, 69, '', '', '2023-09-12'),
(257, 30, 72, '', '90', '2023-09-12'),
(258, 30, 73, '', '90', '2023-09-12'),
(259, 30, 85, '', '90', '2023-09-12'),
(260, 29, 75, '', '90', '2023-09-12'),
(261, 30, 75, '', '90', '2023-09-12'),
(262, 30, 86, '', '90', '2023-09-12'),
(263, 32, 151, '', '45', '2023-09-12'),
(264, 32, 62, '', '', '2023-09-12'),
(265, 32, 64, '', '45', '2023-09-12'),
(266, 30, 84, '', '45', '2023-09-12'),
(267, 30, 89, '', '45', '2023-09-12'),
(268, 33, 10, '5', '90', '2023-09-22'),
(269, 33, 18, '5', '', '2023-09-13'),
(270, 33, 29, '', '90', '2023-09-20'),
(271, 33, 23, '5', '', '2023-09-16'),
(272, 34, 37, '3', '14', '2023-10-09'),
(273, 34, 39, '3', '90', '2023-10-06'),
(274, 34, 42, '3', '90', '2023-10-02'),
(275, 34, 149, '5', '90', '2023-09-20'),
(276, 35, 113, '4', '6', '2023-09-13'),
(277, 35, 115, '3', '90', '2023-09-15'),
(278, 35, 104, '4', '11', '2023-09-13'),
(279, 36, 123, '5', '', '2023-09-13'),
(280, 36, 128, '3', '9', '2023-09-13'),
(281, 36, 134, '3', '90', '2023-09-13'),
(282, 36, 137, '3', '11', '2023-09-13'),
(283, 35, 90, '2', '', '2023-09-20'),
(284, 35, 91, '3', '', '2023-09-13'),
(285, 35, 92, '4', '', '2023-09-15'),
(286, 35, 93, '4', '', '2023-09-15'),
(287, 35, 148, '3', '', '2023-09-13'),
(288, 35, 114, '', '', '2023-09-13'),
(289, 35, 94, '5', '', '2023-09-13'),
(290, 35, 95, '4', '', '2023-09-13'),
(291, 35, 96, '4', '', '2023-09-13'),
(292, 35, 97, '3', '', '2023-09-13'),
(293, 35, 98, '2', '', '2023-09-13'),
(294, 35, 99, '5', '', '2023-09-13'),
(295, 35, 100, '3', '', '2023-09-15'),
(296, 35, 101, '4', '', '2023-09-13'),
(297, 35, 102, '5', '', '2023-09-13'),
(298, 35, 103, '4', '', '2023-09-15'),
(299, 35, 105, '4', '', '2023-09-15'),
(300, 35, 106, '4', '', '2023-09-13'),
(301, 35, 107, '4', '', '2023-09-13'),
(302, 35, 116, '3', '', '2023-09-13'),
(303, 35, 108, '3', '', '2023-09-13'),
(304, 35, 109, '5', '', '2023-09-15'),
(305, 35, 110, '5', '', '2023-09-13'),
(306, 35, 111, '4', '', '2023-09-13'),
(307, 35, 117, '4', '', '2023-09-13'),
(308, 35, 112, '5', '', '2023-09-13'),
(309, 37, 52, '', '90', '2023-09-13'),
(310, 37, 53, '', '13', '2023-09-13'),
(311, 36, 118, '3', '', '2023-09-15'),
(312, 36, 119, '3', '', '2023-09-13'),
(313, 36, 120, '3', '', '2023-09-15'),
(314, 36, 121, '3', '', '2023-09-13'),
(315, 36, 122, '3', '', '2023-09-13'),
(317, 36, 124, '3', '', '2023-09-13'),
(318, 36, 150, '4', '', '2023-09-13'),
(319, 36, 143, '3', '', '2023-09-13'),
(320, 36, 127, '3', '', '2023-09-13'),
(321, 38, 70, '', '11', '2023-09-13'),
(322, 36, 129, '3', '', '2023-09-13'),
(323, 36, 130, '5', '', '2023-09-13'),
(324, 36, 131, '4', '', '2023-09-15'),
(325, 36, 144, '3', '', '2023-09-13'),
(326, 36, 132, '4', '', '2023-09-13'),
(327, 36, 133, '3', '', '2023-09-15'),
(328, 37, 55, '', '13', '2023-09-13'),
(329, 37, 61, '', '13', '2023-09-13'),
(330, 36, 136, '3', '', '2023-09-13'),
(331, 36, 138, '5', '', '2023-09-13'),
(332, 36, 139, '4', '', '2023-09-13'),
(333, 36, 145, '3', '', '2023-09-15'),
(334, 36, 141, '3', '', '2023-09-15'),
(335, 36, 146, '3', '', '2023-09-13'),
(336, 37, 151, '', '19', '2023-09-13'),
(337, 37, 58, '', '90', '2023-09-13'),
(338, 37, 59, '', '13', '2023-09-13'),
(339, 37, 64, '', '90', '2023-09-13'),
(340, 38, 69, '', '35', '2023-09-13'),
(341, 38, 75, '', '', '2023-09-13'),
(342, 38, 77, '', '90', '2023-09-13'),
(343, 38, 79, '', '90', '2023-09-13'),
(344, 38, 85, '', '27', '2023-09-13'),
(345, 38, 81, '', '90', '2023-09-13'),
(346, 38, 84, '', '90', '2023-09-13'),
(347, 38, 86, '', '90', '2023-09-13'),
(348, 39, 52, '', '90', '2023-09-13'),
(349, 39, 55, '', '90', '2023-09-13'),
(350, 39, 60, '', '45', '2023-09-13'),
(351, 39, 61, '', '90', '2023-09-13'),
(352, 39, 64, '', '90', '2023-09-13'),
(353, 40, 72, '', '45', '2023-09-13'),
(354, 40, 73, '', '', '2023-09-13'),
(355, 40, 75, '', '', '2023-09-13'),
(356, 40, 77, '', '90', '2023-09-13'),
(357, 40, 81, '', '90', '2023-09-13'),
(358, 40, 84, '', '90', '2023-09-13'),
(359, 40, 86, '', '90', '2023-09-13'),
(360, 40, 74, '', '45', '2023-09-13'),
(361, 40, 79, '', '45', '2023-09-13'),
(362, 40, 87, '', '45', '2023-09-13'),
(363, 40, 88, '', '45', '2023-09-13'),
(364, 39, 58, '', '30', '2023-09-13'),
(365, 39, 59, '', '20', '2023-09-13'),
(366, 39, 65, '', '20', '2023-09-13'),
(367, 41, 52, '', '90', '2023-09-13'),
(368, 41, 55, '', '90', '2023-09-13'),
(369, 41, 60, '', '90', '2023-09-13'),
(370, 41, 61, '', '90', '2023-09-13'),
(371, 41, 66, '', '45', '2023-09-13'),
(372, 42, 77, '', '90', '2023-09-13'),
(373, 42, 79, '', '90', '2023-09-13'),
(374, 42, 81, '', '90', '2023-09-13'),
(375, 42, 84, '', '90', '2023-09-13'),
(376, 42, 86, '', '90', '2023-09-13'),
(377, 41, 64, '', '90', '2023-09-13'),
(378, 19, 99, '5', '', '2023-09-13'),
(379, 19, 101, '5', '', '2023-09-13'),
(380, 19, 102, '5', '', '2023-09-13'),
(381, 19, 110, '5', '', '2023-09-13'),
(382, 15, 22, '5', '', '2023-09-13'),
(383, 15, 14, '5', '', '2023-09-13'),
(384, 15, 2, '5', '', '2023-09-13'),
(385, 15, 11, '5', '', '2023-09-13'),
(386, 15, 16, '5', '', '2023-09-13'),
(387, 15, 17, '5', '', '2023-09-13'),
(388, 15, 26, '5', '', '2023-09-16'),
(389, 15, 8, '5', '', '2023-09-16'),
(390, 15, 10, '5', '', '2023-09-13'),
(391, 15, 18, '5', '', '2023-09-13'),
(392, 15, 9, '5', '', '2023-09-13'),
(393, 15, 20, '5', '', '2023-09-13'),
(394, 15, 28, '5', '', '2023-09-13'),
(395, 15, 27, '5', '', '2023-09-13'),
(396, 15, 13, '5', '', '2023-09-13'),
(397, 15, 23, '5', '', '2023-09-13'),
(398, 15, 15, '5', '', '2023-09-13'),
(399, 15, 3, '5', '', '2023-09-13'),
(400, 15, 21, '5', '', '2023-09-13'),
(401, 15, 12, '5', '', '2023-09-13'),
(402, 33, 22, '5', '', '2023-09-13'),
(403, 33, 27, '5', '', '2023-09-13'),
(404, 33, 12, '5', '', '2023-09-13'),
(405, 33, 21, '5', '', '2023-09-13'),
(406, 20, 132, '5', '', '2023-09-13'),
(407, 16, 34, '5', '', '2023-09-13'),
(408, 16, 36, '5', '', '2023-09-13'),
(409, 16, 47, '5', '', '2023-09-13'),
(410, 16, 32, '5', '', '2023-09-13'),
(411, 16, 43, '5', '', '2023-09-13'),
(412, 16, 41, '5', '', '2023-09-13'),
(413, 16, 42, '5', '', '2023-09-13'),
(414, 43, 6, '', '', '2023-09-14'),
(415, 43, 21, '', '90', '2023-09-14'),
(416, 43, 29, '', '90', '2023-09-14'),
(417, 44, 47, '', '8', '2023-09-14'),
(418, 44, 45, '', '10', '2023-09-14'),
(419, 44, 49, '', '90', '2023-09-14'),
(420, 33, 2, '5', '', '2023-09-14'),
(421, 45, 58, '', '8', '2023-09-14'),
(422, 48, 69, '', '8', '2023-09-14'),
(423, 48, 88, '', '8', '2023-09-14'),
(424, 48, 70, '', '13', '2023-09-14'),
(425, 48, 75, '', '14', '2023-09-14'),
(426, 45, 53, '', '14', '2023-09-14'),
(427, 48, 82, '', '14', '2023-09-14'),
(428, 49, 87, '', '', '2023-09-14'),
(429, 48, 87, '', '14', '2023-09-14'),
(430, 45, 52, '', '90', '2023-09-14'),
(431, 45, 55, '', '90', '2023-09-14'),
(432, 45, 151, '', '90', '2023-09-14'),
(433, 45, 64, '', '90', '2023-09-14'),
(434, 45, 66, '', '90', '2023-09-14'),
(435, 48, 71, '', '90', '2023-09-14'),
(436, 48, 79, '', '13', '2023-09-14'),
(437, 48, 84, '', '90', '2023-09-14'),
(438, 48, 85, '', '15', '2023-09-14'),
(439, 48, 86, '', '90', '2023-09-14'),
(440, 48, 89, '', '45', '2023-09-14'),
(441, 46, 151, '', '90', '2023-09-14'),
(442, 47, 151, '', '90', '2023-09-14'),
(443, 46, 52, '', '90', '2023-09-14'),
(444, 47, 52, '', '90', '2023-09-14'),
(445, 46, 55, '', '90', '2023-09-14'),
(446, 47, 55, '', '90', '2023-09-14'),
(447, 45, 61, '', '90', '2023-09-14'),
(448, 46, 61, '', '90', '2023-09-14'),
(449, 47, 61, '', '90', '2023-09-14'),
(450, 46, 64, '', '90', '2023-09-14'),
(451, 46, 66, '', '90', '2023-09-14'),
(452, 47, 66, '', '90', '2023-09-14'),
(453, 49, 71, '', '90', '2023-09-14'),
(454, 49, 84, '', '45', '2023-09-14'),
(455, 50, 77, '', '', '2023-09-14'),
(456, 47, 64, '', '90', '2023-09-14'),
(457, 50, 70, '', '45', '2023-09-14'),
(458, 50, 71, '', '90', '2023-09-14'),
(459, 50, 83, '', '90', '2023-09-14'),
(460, 50, 84, '', '90', '2023-09-14'),
(461, 19, 94, '5', '', '2023-09-15'),
(462, 19, 92, '5', '', '2023-09-18'),
(463, 19, 107, '4', '', '2023-09-15'),
(464, 19, 105, '5', '', '2023-09-15'),
(465, 19, 116, '5', '', '2023-09-15'),
(466, 19, 115, '5', '', '2023-09-15'),
(467, 19, 104, '5', '', '2023-09-15'),
(468, 19, 103, '5', '', '2023-09-15'),
(469, 19, 93, '5', '', '2023-09-15'),
(470, 19, 117, '5', '', '2023-09-15'),
(471, 20, 136, '5', '', '2023-09-15'),
(472, 20, 134, '5', '', '2023-09-15'),
(473, 20, 141, '5', '', '2023-09-15'),
(474, 51, 90, '', '90', '2023-09-15'),
(475, 51, 91, '', '23', '2023-09-15'),
(476, 51, 93, '', '', '2023-09-15'),
(477, 51, 114, '', '26', '2023-09-15'),
(478, 51, 98, '', '90', '2023-09-15'),
(479, 51, 103, '', '', '2023-09-15'),
(480, 51, 104, '', '90', '2023-09-15'),
(481, 51, 105, '', '34', '2023-09-15'),
(482, 52, 120, '', '90', '2023-09-15'),
(483, 52, 123, '', '15', '2023-09-15'),
(484, 52, 124, '', '26', '2023-09-15'),
(485, 52, 150, '', '90', '2023-09-15'),
(486, 52, 126, '', '', '2023-09-15'),
(487, 52, 127, '', '90', '2023-09-15'),
(488, 52, 146, '', '11', '2023-09-15'),
(489, 52, 144, '', '35', '2023-09-15'),
(490, 52, 138, '', '90', '2023-09-15'),
(491, 52, 131, '5', '', '2023-09-15'),
(492, 53, 21, '5', '90', '2023-09-20'),
(493, 53, 29, '2', '90', '2023-09-20'),
(494, 53, 22, '4', '90', '2023-09-20'),
(495, 54, 37, '2', '17', '2023-09-15'),
(496, 54, 149, '3', '18', '2023-09-15'),
(497, 54, 49, '3', '90', '2023-09-24'),
(498, 55, 52, '', '90', '2023-09-15'),
(499, 55, 53, '', '10', '2023-09-15'),
(500, 55, 54, '', '7', '2023-09-15'),
(501, 55, 55, '', '90', '2023-09-15'),
(502, 55, 151, '', '90', '2023-09-15'),
(503, 55, 58, '', '75', '2023-09-15'),
(504, 55, 60, '', '10', '2023-09-15'),
(505, 55, 61, '', '90', '2023-09-15'),
(506, 55, 62, '', '5', '2023-09-15'),
(507, 55, 64, '', '90', '2023-09-15'),
(508, 55, 66, '', '90', '2023-09-15'),
(509, 56, 69, '', '45', '2023-09-15'),
(510, 56, 70, '', '5', '2023-09-15'),
(511, 56, 71, '', '90', '2023-09-15'),
(512, 56, 75, '', '90', '2023-09-15'),
(513, 56, 79, '', '45', '2023-09-15'),
(514, 56, 81, '', '90', '2023-09-15'),
(515, 56, 83, '', '90', '2023-09-15'),
(516, 56, 84, '', '90', '2023-09-15'),
(517, 56, 85, '', '30', '2023-09-15'),
(518, 56, 86, '', '36', '2023-09-15'),
(519, 53, 2, '4', '', '2023-09-15'),
(520, 53, 3, '4', '', '2023-09-15'),
(521, 53, 6, '5', '', '2023-09-15'),
(522, 53, 7, '5', '', '2023-09-15'),
(523, 53, 25, '4', '', '2023-09-20'),
(524, 53, 8, '5', '', '2023-09-15'),
(525, 53, 9, '4', '', '2023-09-20'),
(526, 53, 10, '3', '', '2023-09-15'),
(527, 53, 11, '4', '', '2023-09-15'),
(528, 53, 12, '4', '', '2023-09-15'),
(529, 53, 26, '4', '', '2023-09-15'),
(530, 53, 13, '4', '', '2023-09-15'),
(531, 53, 14, '4', '', '2023-09-15'),
(532, 53, 27, '4', '', '2023-09-20'),
(533, 53, 15, '4', '', '2023-09-15'),
(534, 53, 16, '5', '', '2023-09-15'),
(535, 53, 17, '5', '', '2023-09-15'),
(536, 53, 18, '5', '', '2023-09-15'),
(537, 53, 28, '5', '', '2023-09-15'),
(538, 53, 19, '3', '', '2023-09-20'),
(539, 53, 20, '4', '', '2023-09-15'),
(540, 53, 23, '5', '', '2023-09-15'),
(541, 53, 24, '3', '', '2023-09-15'),
(542, 54, 31, '3', '', '2023-09-15'),
(543, 54, 32, '4', '', '2023-09-15'),
(544, 54, 33, '4', '', '2023-09-15'),
(545, 54, 34, '5', '', '2023-09-15'),
(546, 54, 36, '4', '', '2023-09-15'),
(547, 54, 39, '3', '', '2023-09-15'),
(548, 54, 40, '4', '', '2023-09-15'),
(549, 54, 41, '3', '', '2023-09-15'),
(550, 54, 42, '5', '', '2023-09-15'),
(551, 54, 43, '5', '', '2023-09-15'),
(552, 54, 45, '3', '', '2023-09-15'),
(553, 54, 46, '4', '', '2023-09-15'),
(554, 54, 47, '4', '', '2023-09-15'),
(555, 54, 48, '2', '', '2023-09-15'),
(556, 36, 125, '3', '', '2023-09-15'),
(557, 57, 52, '', '90', '2023-09-15'),
(558, 57, 55, '', '90', '2023-09-15'),
(559, 57, 151, '', '90', '2023-09-15'),
(560, 57, 61, '', '90', '2023-09-15'),
(561, 57, 64, '', '90', '2023-09-15'),
(562, 57, 66, '', '', '2023-09-15'),
(563, 58, 71, '', '90', '2023-09-15'),
(564, 58, 75, '', '', '2023-09-15'),
(565, 58, 81, '', '90', '2023-09-15'),
(566, 58, 83, '', '90', '2023-09-15'),
(567, 58, 84, '', '90', '2023-09-15'),
(568, 59, 52, '', '90', '2023-09-15'),
(569, 59, 55, '', '90', '2023-09-15'),
(570, 59, 151, '', '90', '2023-09-15'),
(571, 59, 61, '', '90', '2023-09-15'),
(572, 59, 64, '', '90', '2023-09-15'),
(573, 60, 68, '', '90', '2023-09-15'),
(574, 60, 71, '', '90', '2023-09-15'),
(575, 60, 75, '', '', '2023-09-15'),
(576, 60, 81, '', '90', '2023-09-15'),
(577, 56, 82, '', '90', '2023-09-15'),
(578, 58, 82, '', '90', '2023-09-15'),
(579, 60, 82, '', '90', '2023-09-15'),
(580, 60, 83, '', '90', '2023-09-15'),
(581, 60, 84, '', '90', '2023-09-15'),
(582, 61, 52, '', '90', '2023-09-16'),
(583, 61, 53, '', '90', '2023-09-16'),
(584, 61, 54, '', '90', '2023-09-16'),
(585, 61, 55, '', '90', '2023-09-16'),
(586, 61, 151, '', '90', '2023-09-16'),
(587, 61, 58, '', '90', '2023-09-16'),
(588, 61, 60, '', '90', '2023-09-16'),
(589, 61, 61, '', '90', '2023-09-16'),
(590, 61, 62, '', '90', '2023-09-16'),
(591, 61, 64, '', '90', '2023-09-16'),
(592, 61, 65, '', '', '2023-09-16'),
(593, 61, 66, '', '90', '2023-09-16'),
(594, 62, 69, '', '90', '2023-09-16'),
(595, 62, 70, '', '4', '2023-09-16'),
(596, 62, 71, '', '90', '2023-09-16'),
(597, 62, 72, '', '90', '2023-09-16'),
(598, 62, 75, '', '48', '2023-09-16'),
(599, 62, 77, '', '44', '2023-09-16'),
(600, 62, 79, '', '90', '2023-09-16'),
(601, 62, 81, '', '16', '2023-09-16'),
(602, 62, 82, '', '90', '2023-09-16'),
(603, 62, 83, '', '90', '2023-09-16'),
(604, 62, 84, '', '90', '2023-09-16'),
(605, 62, 85, '', '22', '2023-09-16'),
(606, 62, 86, '', '90', '2023-09-16'),
(607, 62, 88, '', '90', '2023-09-16'),
(608, 62, 89, '', '90', '2023-09-16'),
(609, 10, 107, '5', '', '2023-09-16'),
(610, 10, 97, '5', '', '2023-09-16'),
(611, 10, 115, '5', '', '2023-09-16'),
(612, 15, 25, '5', '', '2023-09-16'),
(613, 15, 6, '5', '', '2023-09-16'),
(614, 15, 24, '5', '', '2023-09-27'),
(615, 15, 7, '5', '', '2023-09-16'),
(616, 33, 11, '5', '', '2023-09-16'),
(617, 8, 128, '4', '', '2023-09-16'),
(618, 8, 129, '4', '', '2023-09-16'),
(619, 8, 146, '4', '', '2023-09-16'),
(621, 8, 144, '5', '', '2023-09-16'),
(622, 8, 133, '5', '', '2023-09-16'),
(623, 8, 120, '5', '', '2023-09-16'),
(624, 8, 136, '5', '', '2023-09-16'),
(625, 8, 124, '5', '', '2023-09-16'),
(626, 8, 121, '5', '', '2023-09-16'),
(627, 20, 124, '5', '', '2023-09-16'),
(628, 64, 69, '', '90', '2023-09-16'),
(629, 64, 70, '', '', '2023-09-16'),
(630, 64, 71, '', '90', '2023-09-16'),
(631, 64, 79, '', '', '2023-09-16'),
(632, 64, 82, '', '90', '2023-09-16'),
(633, 64, 83, '', '90', '2023-09-16'),
(634, 64, 84, '', '90', '2023-09-16'),
(635, 64, 86, '', '90', '2023-09-16'),
(636, 64, 88, '', '90', '2023-09-16'),
(637, 64, 89, '', '90', '2023-09-16'),
(638, 16, 46, '5', '', '2023-09-16'),
(639, 16, 40, '4', '', '2023-09-25'),
(640, 16, 45, '4', '', '2023-09-25'),
(641, 16, 39, '5', '', '2023-09-16'),
(642, 16, 33, '5', '', '2023-09-16'),
(643, 16, 149, '5', '', '2023-09-16'),
(644, 34, 34, '5', '', '2023-09-22'),
(645, 34, 36, '5', '', '2023-09-16'),
(646, 63, 52, '', '90', '2023-09-16'),
(647, 63, 53, '', '90', '2023-09-16'),
(648, 63, 54, '', '90', '2023-09-16'),
(649, 63, 55, '', '90', '2023-09-16'),
(650, 63, 151, '', '90', '2023-09-16'),
(651, 63, 61, '', '90', '2023-09-16'),
(652, 63, 62, '', '90', '2023-09-16'),
(653, 63, 64, '', '90', '2023-09-16'),
(654, 63, 66, '', '90', '2023-09-16'),
(655, 66, 69, '', '90', '2023-09-16'),
(656, 66, 71, '', '90', '2023-09-16'),
(657, 66, 82, '', '90', '2023-09-16'),
(658, 66, 83, '', '90', '2023-09-16'),
(659, 66, 84, '', '90', '2023-09-16'),
(660, 66, 86, '', '90', '2023-09-16'),
(661, 66, 88, '', '90', '2023-09-16'),
(662, 66, 89, '', '90', '2023-09-16'),
(663, 67, 90, '', '90', '2023-09-18'),
(664, 67, 91, '', '41', '2023-09-18'),
(665, 67, 92, '', '90', '2023-09-18'),
(666, 67, 103, '', '90', '2023-09-18'),
(667, 67, 104, '', '90', '2023-09-18'),
(668, 67, 105, '', '90', '2023-09-18'),
(669, 67, 116, '', '10', '2023-09-18'),
(670, 67, 110, '', '20', '2023-09-18'),
(671, 68, 121, '', '', '2023-09-18'),
(673, 68, 123, '', '13', '2023-09-18'),
(674, 68, 124, '', '35', '2023-09-18'),
(675, 68, 126, '', '90', '2023-09-18'),
(676, 68, 128, '', '90', '2023-09-18'),
(677, 68, 129, '', '90', '2023-09-18'),
(678, 68, 137, '', '', '2023-09-18'),
(679, 67, 117, '5', '', '2023-09-18'),
(680, 72, 149, '', '16', '2023-09-18'),
(681, 72, 46, '', '16', '2023-09-18'),
(682, 72, 32, '5', '', '2023-09-18'),
(683, 73, 62, '', '3', '2023-09-18'),
(684, 65, 52, '', '90', '2023-09-18'),
(685, 73, 52, '', '90', '2023-09-18'),
(686, 73, 53, '', '30', '2023-09-18'),
(687, 73, 55, '', '90', '2023-09-18'),
(688, 73, 151, '', '90', '2023-09-18'),
(689, 73, 58, '', '31', '2023-09-18'),
(690, 73, 60, '', '31', '2023-09-18'),
(691, 73, 61, '', '90', '2023-09-18'),
(692, 73, 64, '', '90', '2023-09-18'),
(693, 73, 66, '', '90', '2023-09-18'),
(694, 74, 69, '', '20', '2023-09-18'),
(695, 74, 70, '', '33', '2023-09-18'),
(696, 74, 71, '', '90', '2023-09-18'),
(697, 74, 75, '', '40', '2023-09-18'),
(698, 74, 77, '', '12', '2023-09-18'),
(699, 74, 80, '', '', '2023-09-18'),
(700, 74, 81, '', '90', '2023-09-18'),
(701, 74, 82, '', '90', '2023-09-18'),
(702, 74, 85, '', '10', '2023-09-18'),
(703, 74, 86, '', '90', '2023-09-18'),
(704, 74, 88, '', '90', '2023-09-18'),
(705, 74, 89, '', '33', '2023-09-18'),
(706, 65, 53, '', '90', '2023-09-18'),
(707, 65, 54, '', '90', '2023-09-18'),
(708, 65, 55, '', '90', '2023-09-18'),
(709, 65, 151, '', '90', '2023-09-18'),
(710, 65, 61, '', '90', '2023-09-18'),
(711, 27, 57, '', '90', '2023-09-18'),
(712, 31, 57, '', '90', '2023-09-18'),
(713, 32, 57, '', '90', '2023-09-18'),
(714, 37, 57, '', '90', '2023-09-18'),
(715, 39, 57, '', '90', '2023-09-18'),
(716, 41, 57, '', '90', '2023-09-18'),
(717, 45, 57, '', '90', '2023-09-18'),
(718, 46, 57, '', '90', '2023-09-18'),
(719, 47, 57, '', '90', '2023-09-18'),
(720, 55, 57, '', '90', '2023-09-18'),
(721, 57, 57, '', '90', '2023-09-18'),
(722, 59, 57, '', '90', '2023-09-18'),
(723, 61, 57, '', '90', '2023-09-18'),
(724, 63, 57, '', '90', '2023-09-18'),
(725, 65, 57, '', '90', '2023-09-18'),
(726, 73, 57, '', '90', '2023-09-18'),
(727, 65, 62, '', '90', '2023-09-18'),
(728, 65, 64, '', '90', '2023-09-18'),
(729, 65, 66, '', '90', '2023-09-18'),
(730, 75, 52, '', '90', '2023-09-18'),
(731, 76, 52, '', '90', '2023-09-18'),
(732, 75, 55, '', '90', '2023-09-18'),
(733, 76, 55, '', '90', '2023-09-18'),
(734, 75, 57, '', '90', '2023-09-18'),
(735, 76, 57, '', '90', '2023-09-18'),
(736, 75, 151, '', '90', '2023-09-18'),
(737, 76, 151, '', '90', '2023-09-18'),
(738, 76, 62, '', '90', '2023-09-18'),
(739, 75, 61, '', '90', '2023-09-18'),
(740, 76, 61, '', '90', '2023-09-18'),
(741, 75, 64, '', '90', '2023-09-18'),
(742, 76, 64, '', '90', '2023-09-18'),
(743, 75, 66, '', '90', '2023-09-18'),
(744, 76, 66, '', '90', '2023-09-18'),
(745, 77, 69, '', '', '2023-09-18'),
(746, 78, 69, '', '', '2023-09-18'),
(747, 77, 71, '', '90', '2023-09-18'),
(748, 78, 71, '', '90', '2023-09-18'),
(749, 77, 75, '', '', '2023-09-18'),
(750, 78, 75, '', '', '2023-09-18'),
(751, 77, 77, '', '90', '2023-09-18'),
(752, 78, 77, '', '90', '2023-09-18'),
(753, 77, 81, '', '90', '2023-09-18'),
(754, 78, 81, '', '90', '2023-09-18'),
(755, 77, 82, '', '90', '2023-09-18'),
(756, 78, 82, '', '90', '2023-09-18'),
(757, 77, 83, '', '90', '2023-09-18'),
(758, 78, 83, '', '90', '2023-09-18'),
(759, 78, 84, '', '90', '2023-09-18'),
(760, 78, 86, '', '90', '2023-09-18'),
(761, 77, 86, '', '90', '2023-09-18'),
(762, 79, 53, '', '20', '2023-09-19'),
(763, 79, 55, '', '90', '2023-09-19'),
(764, 79, 57, '', '90', '2023-09-19'),
(765, 79, 151, '', '90', '2023-09-19'),
(766, 79, 64, '', '90', '2023-09-19'),
(767, 79, 66, '', '90', '2023-09-19'),
(768, 82, 69, '', '90', '2023-09-19'),
(769, 82, 75, '', '45', '2023-09-19'),
(770, 82, 88, '', '13', '2023-09-19'),
(771, 82, 77, '', '90', '2023-09-19'),
(772, 82, 79, '', '', '2023-09-19'),
(773, 82, 81, '', '90', '2023-09-19'),
(774, 82, 82, '', '90', '2023-09-19'),
(775, 82, 83, '', '90', '2023-09-19'),
(776, 82, 86, '', '90', '2023-09-19'),
(777, 82, 89, '', '45', '2023-09-19'),
(778, 83, 86, '', '30', '2023-09-19'),
(779, 80, 52, '', '', '2023-09-19'),
(780, 80, 55, '', '', '2023-09-19'),
(781, 80, 57, '', '90', '2023-09-19'),
(782, 80, 151, '', '90', '2023-09-19'),
(783, 80, 61, '', '90', '2023-09-19'),
(784, 80, 62, '', '', '2023-09-19'),
(785, 80, 64, '', '90', '2023-09-19'),
(786, 80, 66, '', '90', '2023-09-19'),
(787, 83, 68, '', '90', '2023-09-19'),
(788, 84, 68, '', '90', '2023-09-19'),
(789, 83, 69, '', '90', '2023-09-19'),
(790, 83, 71, '', '90', '2023-09-19'),
(791, 84, 71, '', '90', '2023-09-19'),
(792, 83, 77, '', '90', '2023-09-19'),
(793, 84, 77, '', '90', '2023-09-19'),
(794, 83, 81, '', '90', '2023-09-19'),
(795, 84, 81, '', '90', '2023-09-19'),
(796, 83, 82, '', '90', '2023-09-19'),
(797, 84, 82, '', '90', '2023-09-19'),
(798, 83, 83, '', '90', '2023-09-19'),
(799, 84, 83, '', '90', '2023-09-19'),
(800, 83, 89, '', '90', '2023-09-19'),
(801, 84, 89, '', '90', '2023-09-19'),
(802, 81, 55, '', '90', '2023-09-19'),
(803, 81, 57, '', '90', '2023-09-19'),
(804, 81, 151, '', '90', '2023-09-19'),
(805, 81, 64, '', '90', '2023-09-19'),
(806, 81, 66, '', '90', '2023-09-19'),
(807, 81, 52, '', '90', '2023-09-19'),
(808, 79, 62, '', '', '2023-09-19'),
(809, 81, 62, '', '90', '2023-09-19'),
(810, 84, 69, '', '90', '2023-09-19'),
(811, 25, 22, '5', '', '2023-09-20'),
(812, 25, 14, '5', '', '2023-09-20'),
(813, 25, 23, '5', '', '2023-09-20'),
(814, 25, 13, '5', '', '2023-09-20'),
(815, 25, 2, '5', '', '2023-09-20'),
(816, 25, 11, '5', '', '2023-09-20'),
(817, 25, 16, '5', '', '2023-09-20'),
(818, 33, 17, '5', '', '2023-09-20'),
(819, 25, 8, '5', '', '2023-09-20'),
(820, 25, 26, '5', '', '2023-09-20'),
(821, 25, 18, '5', '', '2023-09-20'),
(822, 25, 1, '5', '', '2023-09-20'),
(823, 25, 27, '5', '', '2023-09-20'),
(824, 25, 21, '5', '', '2023-09-20'),
(825, 25, 9, '5', '', '2023-09-20'),
(826, 25, 19, '5', '', '2023-09-20'),
(827, 25, 24, '5', '', '2023-09-27'),
(828, 25, 3, '5', '', '2023-09-20'),
(829, 33, 16, '5', '', '2023-09-20'),
(830, 33, 14, '5', '', '2023-09-20'),
(831, 33, 25, '5', '', '2023-09-20'),
(832, 33, 26, '5', '', '2023-09-20'),
(833, 33, 24, '5', '', '2023-09-20'),
(834, 33, 9, '5', '', '2023-09-20'),
(835, 33, 28, '5', '', '2023-09-20'),
(836, 33, 20, '5', '', '2023-09-20'),
(837, 33, 13, '5', '', '2023-09-20'),
(838, 33, 3, '5', '', '2023-09-20'),
(839, 33, 8, '5', '', '2023-09-20'),
(840, 33, 7, '4', '', '2023-09-25'),
(841, 15, 1, '', '', '2023-09-20'),
(842, 33, 1, '', '', '2023-09-20'),
(843, 53, 1, '', '', '2023-09-20'),
(844, 33, 15, '4', '', '2023-09-25'),
(845, 15, 19, '', '', '2023-09-20'),
(846, 33, 19, '', '', '2023-09-20'),
(847, 15, 29, '', '', '2023-09-20'),
(848, 33, 6, '5', '', '2023-09-22'),
(849, 16, 49, '5', '', '2023-09-20'),
(850, 90, 52, '', '', '2023-09-20'),
(851, 90, 53, '', '15', '2023-09-20'),
(852, 90, 55, '', '90', '2023-09-20'),
(853, 90, 151, '', '90', '2023-09-20'),
(854, 90, 58, '', '45', '2023-09-20'),
(855, 90, 59, '', '90', '2023-09-20'),
(856, 90, 62, '', '20', '2023-09-20'),
(857, 90, 64, '', '90', '2023-09-20'),
(858, 90, 66, '', '90', '2023-09-20'),
(859, 93, 69, '', '90', '2023-09-20'),
(860, 93, 70, '', '', '2023-09-20'),
(861, 93, 71, '', '90', '2023-09-20'),
(862, 93, 72, '', '', '2023-09-20'),
(863, 93, 75, '', '90', '2023-09-20'),
(864, 93, 79, '', '', '2023-09-20'),
(865, 93, 81, '', '90', '2023-09-20'),
(866, 93, 82, '', '90', '2023-09-20'),
(867, 93, 83, '', '90', '2023-09-20'),
(868, 93, 84, '', '', '2023-09-20'),
(869, 93, 85, '', '', '2023-09-20'),
(870, 93, 86, '', '', '2023-09-20'),
(871, 93, 88, '', '9', '2023-09-20'),
(872, 93, 89, '', '', '2023-09-20'),
(873, 34, 33, '5', '', '2023-09-20'),
(874, 34, 32, '5', '', '2023-09-20'),
(875, 34, 43, '5', '', '2023-09-20'),
(876, 19, 91, '4', '', '2023-09-20'),
(877, 19, 95, '5', '', '2023-09-27'),
(878, 87, 115, '3', '', '2023-09-20'),
(879, 95, 84, '5', '90', '2023-10-17'),
(880, 91, 55, '', '90', '2023-09-20'),
(881, 91, 66, '', '90', '2023-09-20'),
(882, 94, 69, '', '90', '2023-09-20'),
(883, 94, 71, '', '90', '2023-09-20'),
(884, 94, 81, '', '90', '2023-09-20'),
(885, 94, 82, '', '90', '2023-09-20'),
(886, 94, 83, '', '90', '2023-09-20'),
(887, 20, 122, '4', '', '2023-09-20'),
(888, 20, 118, '4', '', '2023-09-20'),
(889, 20, 145, '4', '', '2023-09-20'),
(890, 98, 1, '', '90', '2023-09-21'),
(891, 98, 10, '', '', '2023-09-21'),
(892, 98, 16, '', '90', '2023-09-21'),
(893, 98, 17, '', '90', '2023-09-21'),
(894, 99, 31, '', '', '2023-09-21'),
(895, 99, 34, '', '90', '2023-09-21'),
(896, 99, 37, '', '90', '2023-09-21'),
(897, 99, 45, '', '', '2023-09-21'),
(898, 99, 49, '', '90', '2023-09-21'),
(899, 100, 113, '', '', '2023-09-21'),
(900, 100, 98, '', '90', '2023-09-21'),
(901, 100, 99, '', '90', '2023-09-21'),
(902, 100, 104, '', '', '2023-09-21'),
(903, 100, 105, '', '90', '2023-09-21'),
(904, 100, 107, '', '90', '2023-09-21'),
(905, 101, 118, '', '90', '2023-09-21'),
(906, 101, 124, '', '', '2023-09-21'),
(907, 101, 125, '', '90', '2023-09-21'),
(908, 101, 137, '', '12', '2023-09-21'),
(909, 101, 127, '', '90', '2023-09-21'),
(910, 100, 111, '5', '', '2023-09-21'),
(911, 101, 129, '', '8', '2023-09-21'),
(912, 20, 129, '5', '', '2023-09-21'),
(913, 85, 11, '5', '', '2023-09-22'),
(914, 34, 47, '3', '', '2023-11-30'),
(915, 34, 41, '5', '', '2023-09-24'),
(916, 104, 1, '', '90', '2023-09-22'),
(917, 104, 7, '', '23', '2023-09-22'),
(918, 104, 25, '', '90', '2023-09-22'),
(919, 104, 9, '', '21', '2023-09-22'),
(920, 104, 10, '', '90', '2023-09-22'),
(921, 104, 24, '', '90', '2023-09-22'),
(922, 105, 33, '', '', '2023-09-22'),
(923, 105, 37, '', '90', '2023-09-22'),
(924, 105, 149, '', '', '2023-09-22'),
(925, 87, 106, '4', '', '2023-09-24'),
(926, 8, 138, '4', '', '2023-09-24'),
(927, 8, 150, '4', '', '2023-09-24'),
(928, 20, 133, '4', '', '2023-09-24'),
(929, 20, 127, '2', '', '2023-09-24'),
(930, 20, 120, '4', '', '2023-09-24'),
(931, 20, 137, '4', '', '2023-09-24'),
(932, 88, 122, '5', '', '2023-09-24'),
(933, 88, 131, '5', '', '2023-09-24'),
(934, 88, 143, '5', '', '2023-09-24'),
(935, 85, 27, '5', '', '2023-09-24'),
(936, 85, 3, '5', '', '2023-09-24'),
(937, 85, 12, '5', '', '2023-09-24'),
(938, 26, 32, '5', '', '2023-09-24'),
(939, 26, 43, '5', '', '2023-09-24'),
(940, 86, 34, '3', '', '2023-09-24'),
(941, 86, 41, '3', '', '2023-09-24'),
(942, 106, 25, '', '', '2023-09-25'),
(943, 106, 9, '', '', '2023-09-25'),
(944, 107, 40, '', '', '2023-09-25'),
(945, 107, 49, '', '', '2023-09-25'),
(946, 107, 31, '', '', '2023-09-25'),
(947, 106, 1, '', '90', '2023-09-25'),
(948, 107, 37, '', '90', '2023-09-25'),
(949, 34, 46, '4', '', '2023-09-25'),
(950, 34, 49, '4', '', '2023-09-25'),
(951, 20, 128, '4', '', '2023-09-25'),
(952, 108, 91, '', '', '2023-09-25'),
(953, 108, 114, '', '90', '2023-09-25'),
(954, 108, 97, '', '', '2023-09-25'),
(955, 108, 98, '', '90', '2023-09-25'),
(956, 108, 116, '', '8', '2023-09-25'),
(958, 109, 123, '', '34', '2023-09-25'),
(959, 109, 124, '', '11', '2023-09-25'),
(960, 109, 150, '', '11', '2023-09-25'),
(961, 109, 125, '', '90', '2023-09-25'),
(962, 109, 126, '', '90', '2023-09-25'),
(963, 109, 127, '', '14', '2023-09-25'),
(964, 109, 130, '', '', '2023-09-25'),
(965, 109, 137, '', '8', '2023-09-25'),
(966, 109, 139, '', '15', '2023-09-25'),
(967, 109, 146, '', '13', '2023-09-25'),
(968, 109, 118, '5', '', '2023-09-25'),
(969, 16, 31, '', '', '2023-09-25'),
(970, 87, 94, '5', '', '2023-09-27'),
(971, 87, 96, '5', '', '2023-09-27'),
(972, 87, 92, '3', '', '2023-09-27'),
(973, 87, 101, '5', '', '2023-09-27'),
(974, 87, 111, '4', '', '2023-09-27'),
(975, 87, 99, '5', '', '2023-09-27'),
(976, 87, 112, '5', '', '2023-09-27'),
(977, 87, 107, '3', '', '2023-09-27'),
(978, 87, 105, '4', '', '2023-09-27'),
(979, 87, 110, '3', '', '2023-09-27'),
(980, 87, 116, '3', '', '2023-11-14'),
(981, 87, 100, '3', '', '2023-11-06'),
(982, 87, 97, '4', '', '2023-09-27'),
(983, 87, 109, '5', '', '2023-09-27'),
(984, 87, 103, '3', '', '2023-10-13'),
(985, 87, 102, '3', '', '2023-09-27'),
(986, 87, 117, '5', '', '2023-09-27'),
(987, 85, 9, '5', '', '2023-09-27'),
(988, 85, 22, '5', '', '2023-09-27'),
(989, 85, 23, '5', '', '2023-09-27'),
(990, 85, 2, '3', '', '2023-09-27'),
(991, 85, 16, '4', '', '2023-09-30'),
(992, 85, 14, '5', '', '2023-09-27'),
(993, 85, 25, '3', '', '2023-11-02'),
(994, 85, 26, '5', '', '2023-09-27'),
(995, 85, 10, '4', '', '2023-09-27'),
(996, 85, 17, '4', '', '2023-09-27'),
(997, 85, 6, '5', '', '2023-09-27'),
(998, 85, 21, '5', '', '2023-09-27'),
(999, 85, 13, '5', '', '2023-09-27'),
(1000, 85, 18, '5', '', '2023-09-27'),
(1001, 85, 8, '5', '', '2023-09-27'),
(1002, 88, 124, '3', '', '2023-09-27'),
(1003, 88, 123, '4', '', '2023-09-30'),
(1004, 88, 138, '5', '', '2023-09-30'),
(1005, 88, 118, '3', '', '2023-10-21'),
(1006, 88, 141, '3', '', '2023-09-27'),
(1008, 88, 132, '3', '', '2023-09-27'),
(1009, 86, 33, '5', '', '2023-09-27'),
(1010, 86, 47, '3', '', '2023-09-27'),
(1011, 86, 32, '5', '', '2023-09-27'),
(1012, 86, 49, '3', '', '2023-10-10'),
(1013, 86, 36, '3', '', '2023-09-27'),
(1014, 86, 43, '3', '', '2023-09-27'),
(1015, 114, 1, '', '90', '2023-09-28'),
(1016, 114, 7, '', '90', '2023-09-28'),
(1017, 114, 11, '5', '10', '2023-09-28'),
(1018, 115, 31, '3', '90', '2023-09-30'),
(1019, 115, 37, '3', '90', '2023-09-28'),
(1020, 115, 149, '4', '90', '2023-09-30'),
(1021, 115, 49, '2', '11', '2023-09-28'),
(1022, 110, 90, '3', '', '2023-12-16'),
(1023, 116, 90, '', '90', '2023-09-28'),
(1024, 116, 114, '', '45', '2023-09-28'),
(1025, 116, 98, '', '90', '2023-09-28'),
(1026, 116, 108, '4', '', '2023-11-03'),
(1027, 117, 125, '', '90', '2023-09-28'),
(1028, 117, 126, '3', '15', '2023-09-28'),
(1029, 117, 127, '2', '15', '2023-09-28'),
(1030, 117, 129, '3', '90', '2023-09-28'),
(1031, 117, 136, '4', '90', '2023-09-28'),
(1032, 117, 146, '4', '90', '2023-09-28'),
(1033, 116, 91, '3', '', '2023-09-28'),
(1034, 116, 92, '4', '', '2023-09-28'),
(1035, 116, 93, '3', '', '2023-11-06'),
(1036, 116, 113, '3', '', '2023-09-28'),
(1037, 116, 148, '3', '', '2023-09-28'),
(1038, 116, 94, '5', '', '2023-09-28'),
(1039, 116, 95, '4', '', '2023-09-28'),
(1040, 116, 96, '5', '', '2023-09-28'),
(1041, 116, 115, '3', '', '2023-09-28'),
(1042, 116, 99, '4', '', '2023-09-28'),
(1043, 116, 100, '3', '', '2023-09-28'),
(1044, 116, 101, '5', '', '2023-09-28'),
(1045, 116, 102, '3', '', '2023-09-28'),
(1046, 116, 103, '3', '', '2023-09-28'),
(1047, 116, 104, '3', '', '2023-09-28'),
(1048, 116, 105, '3', '', '2023-09-28'),
(1049, 116, 106, '5', '', '2023-09-28'),
(1050, 116, 107, '4', '', '2023-09-28'),
(1051, 116, 116, '4', '', '2023-09-28'),
(1052, 116, 110, '5', '', '2023-09-28'),
(1053, 116, 109, '5', '', '2023-09-28'),
(1054, 116, 111, '5', '', '2023-09-28'),
(1055, 116, 117, '4', '', '2023-09-28'),
(1056, 116, 112, '5', '', '2023-09-28'),
(1057, 114, 2, '4', '', '2023-09-28'),
(1058, 114, 3, '5', '', '2023-09-28'),
(1059, 114, 6, '4', '', '2023-09-28'),
(1060, 114, 25, '4', '', '2023-09-28'),
(1061, 114, 8, '5', '', '2023-09-28'),
(1062, 114, 9, '5', '', '2023-09-28'),
(1063, 114, 10, '5', '', '2023-09-28'),
(1064, 114, 12, '3', '', '2023-09-28'),
(1065, 114, 26, '4', '', '2023-09-28'),
(1066, 114, 13, '4', '', '2023-09-28'),
(1067, 114, 14, '5', '', '2023-09-28'),
(1068, 114, 27, '5', '', '2023-09-28'),
(1069, 114, 15, '4', '', '2023-09-28'),
(1070, 114, 16, '4', '', '2023-09-28'),
(1071, 114, 17, '4', '', '2023-09-28'),
(1072, 114, 18, '5', '', '2023-09-28'),
(1073, 114, 28, '5', '', '2023-09-28'),
(1074, 114, 19, '3', '', '2023-09-28'),
(1075, 114, 20, '5', '', '2023-09-28'),
(1076, 114, 21, '5', '', '2023-09-28'),
(1077, 114, 22, '5', '', '2023-09-28'),
(1078, 114, 23, '5', '', '2023-09-28'),
(1079, 114, 24, '4', '', '2023-09-28'),
(1080, 117, 118, '3', '', '2023-09-28'),
(1081, 117, 119, '3', '', '2023-09-28'),
(1082, 117, 120, '3', '', '2023-09-28'),
(1083, 117, 121, '4', '', '2023-09-28'),
(1084, 117, 122, '3', '', '2023-09-28'),
(1086, 117, 123, '4', '', '2023-09-28'),
(1087, 117, 124, '4', '', '2023-09-28'),
(1088, 117, 150, '5', '', '2023-09-28'),
(1089, 117, 143, '3', '', '2023-09-28'),
(1090, 117, 128, '4', '', '2023-09-28'),
(1091, 117, 130, '5', '', '2023-09-28'),
(1092, 117, 131, '3', '', '2023-09-28'),
(1093, 117, 144, '5', '', '2023-09-28'),
(1094, 117, 132, '4', '', '2023-09-28'),
(1095, 117, 133, '3', '', '2023-09-28'),
(1096, 117, 134, '3', '', '2023-09-28'),
(1097, 117, 137, '4', '', '2023-09-28'),
(1098, 117, 138, '5', '', '2023-09-28'),
(1099, 117, 139, '5', '', '2023-09-28'),
(1100, 117, 145, '3', '', '2023-09-28'),
(1101, 117, 141, '4', '', '2023-09-28'),
(1102, 115, 32, '5', '', '2023-09-28'),
(1103, 115, 33, '5', '', '2023-09-28'),
(1104, 115, 34, '5', '', '2023-09-28'),
(1105, 115, 36, '4', '', '2023-09-28'),
(1106, 115, 39, '3', '', '2023-09-28'),
(1107, 115, 41, '3', '', '2023-09-28'),
(1108, 115, 42, '3', '', '2023-09-30'),
(1109, 115, 43, '5', '', '2023-09-28'),
(1110, 115, 45, '3', '', '2023-09-28'),
(1111, 115, 46, '4', '', '2023-09-30'),
(1112, 115, 48, '3', '', '2023-09-28'),
(1113, 115, 47, '4', '', '2023-09-28'),
(1114, 87, 104, '3', '', '2023-10-18'),
(1115, 112, 12, '5', '', '2023-09-30'),
(1116, 88, 136, '3', '', '2023-09-30'),
(1117, 88, 134, '4', '', '2023-09-30'),
(1118, 88, 128, '3', '', '2023-09-30'),
(1119, 88, 144, '3', '', '2023-09-30'),
(1120, 20, 144, '4', '', '2023-09-30'),
(1121, 88, 121, '3', '', '2023-09-30'),
(1122, 111, 122, '4', '', '2023-09-30'),
(1123, 111, 131, '5', '', '2023-09-30'),
(1124, 111, 143, '4', '', '2023-09-30'),
(1125, 25, 17, '5', '', '2023-10-01'),
(1126, 110, 92, '3', '', '2023-11-06'),
(1127, 118, 14, '5', '', '2023-10-03'),
(1128, 118, 1, '', '', '2023-10-02'),
(1129, 118, 9, '', '', '2023-10-02'),
(1130, 118, 12, '5', '', '2023-10-02'),
(1131, 121, 1, '', '90', '2023-10-02'),
(1132, 121, 9, '', '90', '2023-10-02'),
(1133, 121, 12, '', '90', '2023-10-02'),
(1134, 121, 14, '', '7', '2023-10-02'),
(1135, 122, 31, '', '90', '2023-10-02'),
(1136, 122, 39, '', '90', '2023-10-02'),
(1137, 123, 8, '5', '38', '2023-10-09'),
(1138, 123, 1, '', '90', '2023-10-03'),
(1139, 123, 7, '3', '90', '2023-10-10'),
(1140, 123, 12, '5', '90', '2023-10-12'),
(1141, 124, 34, '4', '4', '2023-10-09'),
(1142, 124, 37, '3', '4', '2023-11-30'),
(1143, 124, 31, '', '90', '2023-10-03'),
(1144, 124, 39, '3', '90', '2023-10-19'),
(1145, 113, 43, '4', '', '2023-10-03'),
(1146, 119, 32, '4', '', '2023-10-03'),
(1147, 20, 139, '4', '', '2023-10-18'),
(1148, 125, 127, '', '57', '2023-10-03'),
(1149, 125, 126, '', '90', '2023-10-03'),
(1150, 111, 132, '4', '', '2023-10-03'),
(1152, 88, 145, '3', '', '2023-10-03'),
(1153, 127, 114, '', '90', '2023-10-04'),
(1154, 127, 95, '3', '90', '2023-11-21'),
(1155, 126, 31, '', '90', '2023-10-04'),
(1156, 126, 36, '', '90', '2023-10-04'),
(1157, 126, 37, '', '25', '2023-10-04'),
(1158, 126, 149, '', '15', '2023-10-04'),
(1159, 126, 49, '', '90', '2023-10-04'),
(1160, 125, 145, '3', '', '2023-10-04'),
(1161, 110, 105, '3', '', '2023-10-04'),
(1162, 110, 94, '3', '', '2023-10-04'),
(1163, 110, 99, '3', '', '2023-10-04'),
(1164, 110, 101, '3', '', '2023-10-19'),
(1165, 110, 111, '3', '', '2023-10-04'),
(1166, 127, 111, '4', '', '2023-10-04'),
(1167, 110, 109, '3', '', '2023-10-04'),
(1168, 110, 106, '3', '', '2023-10-04'),
(1169, 110, 117, '3', '', '2023-10-04'),
(1170, 110, 97, '3', '', '2023-10-04'),
(1171, 110, 116, '3', '', '2023-10-04'),
(1172, 128, 126, '', '90', '2023-10-04'),
(1173, 125, 131, '5', '', '2023-10-04'),
(1174, 129, 1, '', '90', '2023-10-04'),
(1175, 129, 12, '', '90', '2023-10-04'),
(1176, 129, 17, '', '90', '2023-10-04'),
(1177, 129, 28, '', '90', '2023-10-04'),
(1178, 125, 138, '4', '', '2023-10-05'),
(1179, 85, 24, '4', '', '2023-10-05'),
(1180, 112, 23, '3', '', '2023-10-05'),
(1181, 112, 10, '3', '', '2023-10-05'),
(1182, 112, 13, '3', '', '2023-10-05'),
(1183, 112, 18, '4', '', '2023-10-05'),
(1184, 118, 16, '5', '', '2023-10-05'),
(1185, 16, 37, '3', '', '2023-10-05'),
(1186, 34, 40, '4', '', '2023-10-05'),
(1187, 113, 34, '3', '', '2023-10-05'),
(1188, 113, 41, '3', '', '2023-10-05'),
(1189, 113, 36, '3', '', '2023-10-05'),
(1190, 133, 118, '', '', '2023-10-06'),
(1191, 133, 119, '', '', '2023-10-06'),
(1192, 133, 124, '', '', '2023-10-06'),
(1193, 134, 1, '', '90', '2023-10-06'),
(1194, 113, 42, '3', '', '2023-10-06'),
(1195, 113, 32, '3', '', '2023-10-06'),
(1196, 113, 33, '3', '', '2023-10-06'),
(1197, 135, 31, '', '90', '2023-10-06'),
(1198, 119, 33, '4', '', '2023-10-06'),
(1199, 86, 40, '3', '', '2023-10-06'),
(1200, 119, 36, '3', '', '2023-10-06'),
(1201, 134, 18, '', '90', '2023-10-06'),
(1202, 118, 18, '5', '', '2023-10-06'),
(1203, 118, 23, '5', '', '2023-10-06'),
(1204, 118, 13, '5', '', '2023-10-06'),
(1205, 118, 11, '5', '', '2023-10-06'),
(1206, 118, 2, '5', '', '2023-10-06'),
(1207, 118, 21, '5', '', '2023-10-06'),
(1208, 134, 12, '', '90', '2023-10-06'),
(1209, 134, 28, '', '90', '2023-10-06'),
(1210, 118, 10, '5', '', '2023-10-06'),
(1211, 118, 8, '5', '', '2023-10-06'),
(1212, 118, 3, '5', '', '2023-10-06'),
(1213, 118, 22, '5', '', '2023-10-06'),
(1214, 118, 27, '5', '', '2023-10-06'),
(1215, 110, 115, '3', '', '2023-10-07'),
(1216, 110, 96, '3', '', '2023-10-07'),
(1217, 136, 113, '', '90', '2023-10-07'),
(1218, 136, 114, '', '90', '2023-10-07'),
(1219, 136, 97, '', '90', '2023-10-07'),
(1220, 136, 98, '', '13', '2023-10-07'),
(1221, 136, 100, '', '90', '2023-10-07'),
(1222, 136, 103, '', '90', '2023-10-07'),
(1223, 136, 104, '', '27', '2023-10-07'),
(1224, 136, 105, '', '90', '2023-10-07'),
(1225, 136, 107, '', '90', '2023-10-07'),
(1226, 110, 110, '3', '', '2023-10-07'),
(1227, 142, 111, '4', '', '2023-10-07'),
(1228, 127, 148, '3', '', '2023-10-07'),
(1229, 127, 110, '3', '', '2023-10-07'),
(1230, 139, 1, '', '90', '2023-10-07'),
(1231, 139, 7, '', '90', '2023-10-07'),
(1232, 139, 9, '', '9', '2023-10-07'),
(1233, 139, 12, '5', '90', '2023-10-12'),
(1234, 85, 28, '4', '', '2023-10-07'),
(1235, 118, 28, '4', '', '2023-10-07'),
(1236, 112, 28, '3', '', '2023-10-07'),
(1237, 118, 17, '3', '', '2023-10-07'),
(1238, 141, 31, '', '90', '2023-10-07'),
(1239, 141, 34, '5', '3', '2023-10-11'),
(1240, 141, 46, '', '90', '2023-10-07'),
(1241, 141, 37, '', '90', '2023-10-07'),
(1242, 141, 42, '', '90', '2023-10-07'),
(1243, 141, 43, '4', '3', '2023-10-17'),
(1244, 141, 45, '3', '3', '2024-01-19'),
(1245, 141, 39, '', '7', '2023-10-07'),
(1246, 141, 49, '', '7', '2023-10-07'),
(1247, 141, 36, '4', '90', '2023-10-17'),
(1248, 119, 43, '3', '', '2023-10-07'),
(1249, 115, 40, '3', '', '2023-10-07'),
(1250, 138, 118, '', '', '2023-10-07'),
(1251, 138, 119, '', '90', '2023-10-07'),
(1253, 138, 126, '', '90', '2023-10-07'),
(1254, 138, 129, '3', '90', '2023-10-16'),
(1255, 138, 144, '', '12', '2023-10-07'),
(1256, 138, 134, '3', '', '2023-10-19'),
(1257, 138, 136, '', '', '2023-10-07'),
(1258, 138, 145, '', '', '2023-10-07'),
(1259, 111, 138, '3', '', '2023-10-07'),
(1260, 125, 118, '3', '', '2023-10-07'),
(1261, 125, 128, '3', '', '2023-10-07'),
(1262, 143, 1, '', '90', '2023-10-09'),
(1263, 143, 9, '', '90', '2023-10-09'),
(1264, 143, 12, '', '90', '2023-10-09'),
(1265, 143, 28, '', '90', '2023-10-09'),
(1266, 143, 24, '', '90', '2023-10-09'),
(1267, 123, 27, '5', '', '2023-10-09'),
(1268, 139, 2, '5', '', '2023-10-09'),
(1269, 139, 11, '5', '', '2023-10-09'),
(1270, 139, 13, '5', '', '2023-10-09'),
(1271, 139, 23, '5', '', '2023-10-09'),
(1272, 139, 22, '5', '', '2023-10-09'),
(1273, 139, 14, '5', '', '2023-10-09'),
(1274, 118, 7, '3', '', '2023-10-09'),
(1275, 85, 15, '4', '', '2023-10-09'),
(1276, 139, 27, '5', '', '2023-10-09'),
(1277, 112, 27, '4', '', '2023-10-09'),
(1278, 118, 19, '3', '', '2023-10-09'),
(1279, 123, 10, '4', '', '2023-10-09'),
(1280, 118, 26, '4', '', '2023-10-09'),
(1281, 123, 18, '5', '', '2023-10-09'),
(1282, 144, 31, '', '90', '2023-10-09'),
(1283, 113, 47, '3', '', '2023-10-09'),
(1284, 86, 37, '3', '', '2023-10-09'),
(1285, 119, 45, '3', '', '2023-10-09'),
(1286, 119, 39, '3', '', '2023-10-09'),
(1287, 145, 1, '', '90', '2023-10-10'),
(1288, 146, 1, '', '90', '2023-10-10'),
(1289, 145, 6, '3', '8', '2023-10-10'),
(1290, 145, 7, '3', '', '2023-10-13'),
(1291, 145, 8, '4', '90', '2023-10-13'),
(1292, 145, 9, '', '90', '2023-10-10'),
(1293, 145, 15, '3', '', '2023-10-13'),
(1294, 145, 16, '4', '90', '2023-10-19'),
(1295, 145, 25, '3', '', '2023-10-13'),
(1296, 123, 23, '4', '', '2023-10-10'),
(1297, 139, 18, '5', '', '2023-10-10'),
(1298, 123, 3, '4', '', '2023-10-10'),
(1299, 123, 20, '5', '', '2023-10-10'),
(1300, 123, 13, '4', '', '2023-10-10'),
(1301, 145, 17, '4', '', '2023-10-10'),
(1302, 145, 22, '5', '', '2023-10-13'),
(1303, 145, 12, '3', '', '2023-11-11'),
(1304, 145, 19, '3', '', '2023-10-13'),
(1305, 145, 21, '4', '', '2023-10-10'),
(1306, 145, 3, '3', '', '2023-10-10'),
(1307, 145, 14, '4', '', '2023-10-10'),
(1308, 145, 26, '4', '', '2023-10-10'),
(1309, 145, 11, '4', '', '2023-10-10'),
(1310, 145, 2, '3', '', '2023-10-10'),
(1311, 145, 23, '4', '', '2023-10-10'),
(1312, 145, 13, '5', '', '2023-10-10'),
(1313, 145, 24, '4', '', '2023-10-13'),
(1314, 145, 20, '4', '', '2023-10-10'),
(1315, 145, 27, '4', '', '2023-10-10'),
(1316, 145, 18, '4', '', '2023-10-13'),
(1317, 145, 28, '5', '', '2023-10-13'),
(1318, 145, 10, '4', '', '2023-10-10'),
(1319, 146, 8, '5', '90', '2023-10-18'),
(1320, 146, 9, '', '90', '2023-10-10'),
(1321, 146, 16, '5', '90', '2023-10-19'),
(1322, 123, 21, '5', '', '2023-10-10'),
(1323, 146, 21, '5', '70', '2023-10-11'),
(1324, 123, 25, '4', '', '2023-10-10'),
(1325, 123, 11, '4', '', '2023-10-10'),
(1326, 123, 2, '4', '', '2023-10-10'),
(1327, 118, 24, '4', '', '2023-10-10'),
(1328, 123, 22, '5', '', '2023-10-10'),
(1329, 118, 6, '4', '', '2023-10-10'),
(1330, 147, 31, '', '90', '2023-10-10'),
(1331, 148, 31, '', '90', '2023-10-10'),
(1332, 147, 37, '4', '11', '2023-10-13'),
(1333, 147, 46, '2', '', '2023-10-10'),
(1334, 147, 49, '4', '', '2023-10-13'),
(1335, 147, 45, '4', '', '2023-10-13'),
(1336, 147, 39, '4', '', '2023-10-13'),
(1337, 147, 40, '3', '', '2023-10-10'),
(1338, 147, 36, '3', '', '2023-10-10'),
(1339, 147, 48, '3', '', '2023-10-13'),
(1340, 147, 41, '3', '', '2023-10-13'),
(1341, 147, 33, '3', '', '2023-10-10'),
(1342, 147, 32, '3', '', '2023-10-10'),
(1343, 147, 43, '4', '', '2023-10-10'),
(1344, 147, 34, '5', '', '2023-10-13'),
(1345, 147, 149, '3', '', '2023-10-10'),
(1346, 147, 42, '3', '', '2023-10-13'),
(1347, 147, 47, '3', '', '2023-10-10'),
(1348, 113, 149, '3', '', '2023-10-10'),
(1349, 119, 149, '3', '', '2023-10-10'),
(1350, 119, 47, '3', '', '2023-10-10'),
(1351, 124, 32, '3', '', '2023-10-10'),
(1352, 124, 36, '3', '', '2023-10-10'),
(1353, 148, 39, '3', '', '2023-10-10'),
(1354, 119, 40, '4', '', '2023-10-10'),
(1355, 124, 43, '3', '', '2023-10-10'),
(1356, 124, 33, '3', '', '2023-10-10'),
(1357, 149, 25, '', '1', '2023-10-11'),
(1358, 149, 1, '', '90', '2023-10-11'),
(1359, 150, 1, '', '90', '2023-10-11'),
(1360, 149, 6, '', '90', '2023-10-11'),
(1361, 150, 6, '4', '90', '2023-11-14'),
(1362, 149, 7, '', '13', '2023-10-11'),
(1363, 149, 8, '', '13', '2023-10-11'),
(1364, 149, 9, '', '90', '2023-10-11');
INSERT INTO `Evaluation` (`Id`, `IdWork`, `IdStudent`, `Value`, `Lateness`, `DateUpdate`) VALUES
(1365, 149, 12, '', '90', '2023-10-11'),
(1366, 149, 16, '', '90', '2023-10-11'),
(1367, 149, 17, '', '90', '2023-10-11'),
(1368, 149, 24, '', '10', '2023-10-11'),
(1369, 146, 3, '4', '', '2023-10-11'),
(1370, 146, 2, '4', '', '2023-10-11'),
(1371, 146, 23, '5', '', '2023-10-11'),
(1372, 139, 21, '5', '', '2023-10-11'),
(1373, 139, 3, '5', '', '2023-10-11'),
(1374, 146, 6, '4', '', '2023-10-19'),
(1375, 146, 7, '4', '', '2023-10-11'),
(1376, 146, 18, '5', '', '2023-10-16'),
(1377, 149, 11, '', '57', '2023-10-11'),
(1378, 150, 27, '5', '', '2023-10-11'),
(1379, 146, 27, '5', '', '2023-10-11'),
(1380, 150, 18, '5', '', '2023-10-11'),
(1381, 151, 31, '', '90', '2023-10-11'),
(1382, 152, 31, '', '90', '2023-10-11'),
(1383, 151, 32, '', '6', '2023-10-11'),
(1384, 151, 34, '', '7', '2023-10-11'),
(1385, 151, 37, '', '90', '2023-10-11'),
(1386, 151, 43, '', '5', '2023-10-11'),
(1387, 151, 149, '', '90', '2023-10-11'),
(1388, 148, 32, '4', '', '2023-10-11'),
(1389, 148, 43, '4', '', '2023-10-11'),
(1390, 152, 37, '', '16', '2023-10-11'),
(1391, 124, 40, '3', '', '2023-10-11'),
(1392, 141, 32, '5', '', '2023-10-11'),
(1393, 152, 149, '', '', '2023-10-11'),
(1394, 148, 40, '4', '', '2023-10-11'),
(1395, 150, 9, '', '90', '2023-10-11'),
(1396, 150, 12, '5', '90', '2023-10-16'),
(1397, 150, 16, '5', '90', '2023-10-19'),
(1398, 150, 17, '4', '90', '2023-11-08'),
(1399, 150, 20, '', '90', '2023-10-11'),
(1400, 123, 24, '3', '', '2023-10-11'),
(1401, 146, 28, '5', '', '2023-10-11'),
(1402, 154, 32, '3', '3', '2023-10-16'),
(1403, 154, 41, '', '8', '2023-10-12'),
(1404, 154, 31, '', '90', '2023-10-12'),
(1405, 154, 37, '', '90', '2023-10-12'),
(1406, 154, 43, '3', '15', '2023-10-16'),
(1407, 154, 47, '', '22', '2023-10-12'),
(1408, 154, 49, '', '90', '2023-10-12'),
(1409, 148, 34, '5', '', '2023-10-12'),
(1410, 148, 45, '4', '', '2023-10-12'),
(1411, 155, 1, '', '90', '2023-10-12'),
(1412, 155, 7, '4', '90', '2023-10-18'),
(1413, 155, 9, '', '90', '2023-10-12'),
(1414, 155, 16, '4', '90', '2023-11-06'),
(1415, 155, 28, '3', '90', '2024-01-17'),
(1416, 139, 20, '5', '', '2023-10-12'),
(1417, 139, 10, '5', '', '2023-10-12'),
(1418, 146, 20, '5', '', '2023-10-12'),
(1419, 146, 10, '5', '', '2023-10-12'),
(1420, 150, 23, '5', '', '2023-10-12'),
(1421, 146, 13, '5', '', '2023-10-12'),
(1422, 123, 26, '4', '', '2023-10-12'),
(1423, 118, 15, '4', '', '2023-10-12'),
(1424, 125, 124, '3', '', '2023-10-12'),
(1425, 125, 150, '3', '', '2023-10-12'),
(1426, 138, 150, '4', '', '2023-10-12'),
(1427, 125, 143, '5', '', '2023-10-12'),
(1428, 138, 143, '3', '', '2023-10-12'),
(1429, 125, 122, '4', '', '2023-10-12'),
(1430, 111, 123, '', '', '2023-10-19'),
(1431, 111, 134, '', '', '2023-10-12'),
(1432, 125, 132, '3', '', '2023-10-12'),
(1433, 125, 134, '3', '', '2023-10-12'),
(1434, 125, 121, '3', '', '2023-10-12'),
(1435, 153, 126, '', '4', '2023-10-12'),
(1436, 153, 127, '', '50', '2023-10-12'),
(1437, 153, 141, '3', '90', '2023-11-24'),
(1438, 153, 146, '', '50', '2023-10-12'),
(1439, 88, 137, '3', '', '2023-10-12'),
(1440, 153, 133, '', '50', '2023-10-12'),
(1441, 111, 137, '3', '', '2023-10-13'),
(1442, 138, 138, '4', '', '2023-10-12'),
(1443, 153, 120, '', '20', '2023-10-12'),
(1444, 127, 92, '4', '', '2023-10-12'),
(1445, 127, 106, '4', '', '2023-10-12'),
(1446, 127, 91, '3', '', '2023-10-12'),
(1447, 127, 104, '3', '', '2023-10-12'),
(1448, 142, 117, '4', '', '2023-10-12'),
(1449, 87, 90, '3', '', '2023-10-12'),
(1450, 127, 90, '4', '', '2023-10-12'),
(1451, 127, 109, '5', '', '2023-10-12'),
(1452, 127, 117, '5', '', '2023-10-12'),
(1453, 142, 90, '3', '', '2023-10-12'),
(1454, 142, 106, '4', '', '2023-10-13'),
(1455, 127, 99, '5', '', '2023-10-12'),
(1456, 127, 96, '4', '', '2023-10-12'),
(1457, 127, 101, '5', '', '2023-10-12'),
(1458, 127, 97, '3', '', '2023-10-12'),
(1459, 142, 113, '', '6', '2023-10-12'),
(1460, 142, 114, '', '90', '2023-10-12'),
(1461, 142, 98, '', '90', '2023-10-12'),
(1462, 142, 100, '3', '5', '2023-11-06'),
(1463, 142, 105, '4', '90', '2023-10-19'),
(1464, 142, 110, '3', '90', '2023-10-16'),
(1465, 127, 116, '3', '', '2023-10-12'),
(1466, 127, 94, '5', '', '2023-10-12'),
(1467, 161, 91, '', '', '2023-10-13'),
(1468, 163, 119, '', '27', '2023-10-13'),
(1469, 163, 123, '', '4', '2023-10-13'),
(1470, 163, 124, '', '14', '2023-10-13'),
(1471, 163, 150, '', '20', '2023-10-13'),
(1472, 163, 143, '', '', '2023-10-13'),
(1473, 163, 126, '', '20', '2023-10-13'),
(1474, 163, 127, '', '21', '2023-10-13'),
(1475, 163, 128, '', '20', '2023-10-13'),
(1476, 163, 129, '', '90', '2023-10-13'),
(1477, 163, 133, '', '20', '2023-10-13'),
(1478, 163, 134, '', '5', '2023-10-13'),
(1479, 163, 136, '', '15', '2023-10-13'),
(1480, 163, 137, '', '20', '2023-10-13'),
(1481, 163, 138, '', '21', '2023-10-13'),
(1482, 163, 145, '', '', '2023-10-13'),
(1483, 163, 146, '', '21', '2023-10-13'),
(1484, 138, 121, '3', '', '2023-10-13'),
(1485, 153, 129, '', '90', '2023-10-13'),
(1486, 138, 131, '5', '', '2023-10-13'),
(1487, 153, 131, '5', '', '2023-10-13'),
(1488, 125, 137, '3', '', '2023-10-13'),
(1489, 153, 150, '5', '', '2023-10-13'),
(1490, 142, 109, '5', '', '2023-10-13'),
(1491, 127, 103, '3', '', '2023-10-13'),
(1492, 142, 92, '3', '', '2023-10-13'),
(1493, 160, 114, '', '90', '2023-10-13'),
(1494, 160, 94, '5', '90', '2023-10-19'),
(1495, 160, 98, '', '90', '2023-10-13'),
(1496, 160, 105, '', '90', '2023-10-13'),
(1497, 160, 107, '3', '90', '2023-12-28'),
(1498, 142, 107, '3', '90', '2023-10-18'),
(1499, 142, 97, '4', '', '2023-10-13'),
(1500, 142, 112, '4', '', '2023-10-13'),
(1501, 142, 91, '3', '', '2023-10-13'),
(1502, 142, 96, '4', '', '2023-10-13'),
(1503, 142, 104, '3', '', '2023-10-13'),
(1504, 160, 111, '5', '', '2023-10-13'),
(1505, 164, 31, '', '3', '2023-10-16'),
(1506, 164, 45, '', '3', '2023-10-16'),
(1507, 164, 32, '', '4', '2023-10-16'),
(1508, 164, 34, '', '30', '2023-10-16'),
(1509, 154, 39, '3', '4', '2023-12-12'),
(1510, 164, 37, '', '90', '2023-10-16'),
(1511, 164, 43, '', '', '2023-10-16'),
(1512, 164, 46, '', '90', '2023-10-16'),
(1513, 164, 49, '', '90', '2023-10-16'),
(1514, 148, 36, '4', '', '2023-10-16'),
(1515, 152, 39, '3', '', '2023-10-16'),
(1516, 86, 39, '3', '', '2023-10-16'),
(1517, 152, 43, '4', '', '2023-10-21'),
(1518, 148, 33, '4', '', '2023-10-16'),
(1519, 148, 47, '3', '', '2023-10-16'),
(1520, 165, 2, '', '3', '2023-10-16'),
(1521, 165, 1, '', '90', '2023-10-16'),
(1522, 165, 8, '', '90', '2023-10-16'),
(1523, 165, 9, '', '90', '2023-10-16'),
(1524, 165, 16, '', '90', '2023-10-16'),
(1525, 155, 18, '5', '', '2023-10-16'),
(1526, 146, 11, '5', '', '2023-10-16'),
(1527, 112, 2, '3', '', '2023-10-16'),
(1528, 146, 24, '4', '', '2023-10-16'),
(1529, 150, 21, '5', '', '2023-10-16'),
(1530, 123, 17, '4', '', '2023-10-16'),
(1531, 139, 17, '4', '', '2023-10-16'),
(1532, 146, 17, '4', '', '2023-10-17'),
(1533, 146, 12, '5', '', '2023-10-16'),
(1534, 150, 2, '5', '', '2023-10-16'),
(1535, 112, 17, '3', '', '2023-10-16'),
(1536, 155, 27, '5', '', '2023-10-16'),
(1537, 85, 19, '3', '', '2023-10-16'),
(1538, 146, 22, '5', '', '2023-10-16'),
(1539, 150, 22, '5', '', '2023-10-16'),
(1540, 155, 22, '5', '', '2023-10-16'),
(1541, 166, 111, '4', '', '2023-10-16'),
(1542, 166, 96, '4', '', '2023-10-16'),
(1543, 160, 109, '5', '', '2023-10-16'),
(1544, 160, 117, '4', '', '2023-10-21'),
(1545, 166, 117, '5', '', '2023-10-16'),
(1546, 127, 107, '3', '', '2023-10-16'),
(1547, 127, 115, '3', '', '2023-10-16'),
(1548, 142, 115, '3', '', '2023-10-16'),
(1549, 142, 103, '3', '', '2023-10-16'),
(1550, 166, 114, '', '90', '2023-10-16'),
(1551, 166, 98, '', '90', '2023-10-16'),
(1552, 166, 105, '4', '90', '2023-10-19'),
(1553, 19, 113, '3', '', '2023-10-16'),
(1555, 167, 145, '4', '', '2023-10-16'),
(1556, 167, 119, '4', '4', '2023-10-16'),
(1557, 167, 120, '', '4', '2023-10-16'),
(1558, 167, 123, '4', '4', '2023-10-16'),
(1559, 167, 125, '', '90', '2023-10-16'),
(1560, 167, 126, '', '7', '2023-10-16'),
(1561, 167, 127, '', '4', '2023-10-16'),
(1562, 167, 129, '', '4', '2023-10-16'),
(1563, 167, 130, '4', '90', '2023-10-19'),
(1564, 167, 134, '4', '4', '2023-10-16'),
(1565, 167, 136, '3', '4', '2024-01-19'),
(1568, 167, 118, '3', '', '2023-10-16'),
(1569, 167, 131, '5', '', '2023-10-16'),
(1570, 167, 124, '4', '', '2023-10-16'),
(1571, 138, 122, '3', '', '2023-10-16'),
(1572, 153, 143, '5', '', '2023-10-16'),
(1573, 88, 139, '4', '', '2023-10-16'),
(1574, 153, 138, '5', '', '2023-10-16'),
(1575, 167, 121, '3', '', '2023-10-16'),
(1576, 167, 138, '4', '', '2023-10-16'),
(1577, 138, 146, '3', '', '2023-10-16'),
(1578, 167, 137, '3', '', '2023-10-16'),
(1579, 92, 57, '5', '', '2023-10-17'),
(1580, 95, 74, '5', '', '2023-10-17'),
(1581, 92, 56, '5', '', '2023-10-17'),
(1582, 95, 68, '5', '', '2023-10-17'),
(1583, 92, 67, '5', '', '2023-10-17'),
(1584, 95, 76, '5', '', '2023-10-17'),
(1585, 92, 55, '5', '', '2023-10-17'),
(1586, 95, 83, '5', '', '2023-10-17'),
(1587, 168, 32, '4', '90', '2023-11-21'),
(1588, 168, 34, '4', '21', '2023-11-21'),
(1589, 168, 37, '', '14', '2023-10-17'),
(1590, 168, 149, '', '14', '2023-10-17'),
(1591, 168, 49, '', '90', '2023-10-17'),
(1592, 124, 149, '3', '', '2023-10-17'),
(1593, 170, 122, '', '90', '2023-10-17'),
(1594, 170, 143, '', '90', '2023-10-17'),
(1595, 170, 125, '', '90', '2023-10-17'),
(1596, 170, 130, '', '90', '2023-10-17'),
(1597, 169, 1, '', '90', '2023-10-17'),
(1598, 169, 25, '', '90', '2023-10-17'),
(1599, 169, 16, '4', '90', '2023-11-29'),
(1600, 155, 23, '5', '', '2023-10-17'),
(1601, 169, 27, '5', '', '2023-10-17'),
(1602, 155, 21, '5', '', '2023-10-17'),
(1603, 150, 13, '5', '', '2023-10-17'),
(1604, 155, 3, '4', '', '2023-10-17'),
(1605, 139, 8, '5', '', '2023-10-17'),
(1606, 139, 26, '5', '', '2023-10-17'),
(1607, 150, 8, '5', '', '2023-10-17'),
(1608, 139, 15, '4', '', '2023-10-17'),
(1609, 169, 18, '5', '', '2023-10-17'),
(1610, 118, 20, '4', '', '2023-10-17'),
(1611, 155, 2, '3', '', '2023-10-17'),
(1612, 139, 24, '4', '', '2023-10-17'),
(1613, 146, 26, '5', '', '2023-10-17'),
(1614, 169, 21, '5', '', '2023-10-17'),
(1615, 169, 22, '5', '', '2023-10-17'),
(1616, 175, 117, '', '', '2023-10-18'),
(1617, 172, 105, '', '90', '2023-10-18'),
(1618, 175, 108, '', '1', '2023-10-18'),
(1619, 175, 112, '', '1', '2023-10-18'),
(1620, 175, 116, '', '5', '2023-10-18'),
(1621, 166, 109, '5', '', '2023-10-18'),
(1622, 175, 99, '', '7', '2023-10-18'),
(1623, 175, 106, '', '', '2023-10-18'),
(1624, 166, 92, '4', '', '2023-10-18'),
(1625, 175, 93, '', '40', '2023-10-18'),
(1626, 175, 90, '', '90', '2023-10-18'),
(1627, 175, 113, '', '90', '2023-10-18'),
(1628, 175, 97, '', '90', '2023-10-18'),
(1629, 175, 115, '', '90', '2023-10-18'),
(1630, 166, 106, '4', '', '2023-10-18'),
(1631, 142, 94, '4', '', '2023-10-18'),
(1632, 175, 100, '', '90', '2023-10-18'),
(1633, 175, 105, '', '', '2023-10-18'),
(1634, 142, 101, '4', '', '2023-10-18'),
(1635, 127, 105, '3', '', '2023-10-18'),
(1636, 142, 99, '4', '', '2023-10-18'),
(1637, 166, 110, '3', '', '2023-10-18'),
(1638, 142, 116, '4', '', '2023-10-18'),
(1639, 110, 112, '3', '', '2023-10-18'),
(1640, 176, 1, '', '90', '2023-10-18'),
(1641, 176, 25, '', '90', '2023-10-18'),
(1642, 176, 27, '5', '90', '2023-10-20'),
(1643, 176, 17, '4', '90', '2023-11-02'),
(1644, 169, 23, '5', '', '2023-10-18'),
(1645, 169, 3, '5', '', '2023-10-18'),
(1646, 123, 15, '3', '', '2023-10-18'),
(1647, 169, 28, '5', '', '2023-10-18'),
(1648, 155, 13, '5', '', '2023-10-18'),
(1649, 150, 26, '5', '', '2023-10-18'),
(1650, 177, 31, '', '90', '2023-10-18'),
(1651, 177, 37, '', '6', '2023-10-18'),
(1652, 177, 39, '', '6', '2023-10-18'),
(1653, 177, 43, '5', '6', '2023-10-21'),
(1654, 177, 149, '3', '6', '2023-11-22'),
(1655, 177, 46, '', '6', '2023-10-18'),
(1656, 177, 49, '', '6', '2023-10-18'),
(1657, 177, 45, '', '9', '2023-10-18'),
(1658, 177, 34, '3', '9', '2023-11-28'),
(1659, 154, 36, '4', '', '2023-10-18'),
(1660, 119, 34, '3', '', '2023-10-18'),
(1661, 119, 37, '3', '', '2023-10-18'),
(1662, 141, 149, '4', '', '2023-10-18'),
(1663, 148, 149, '3', '', '2023-10-18'),
(1664, 182, 31, '', '45', '2023-10-19'),
(1665, 182, 34, '', '90', '2023-10-19'),
(1666, 182, 43, '', '9', '2023-10-19'),
(1667, 182, 48, '', '90', '2023-10-19'),
(1668, 119, 49, '3', '', '2023-10-19'),
(1669, 152, 32, '4', '', '2023-10-19'),
(1670, 152, 33, '4', '', '2023-10-19'),
(1671, 181, 1, '', '90', '2023-10-19'),
(1672, 181, 2, '', '5', '2023-10-19'),
(1673, 181, 25, '', '90', '2023-10-19'),
(1674, 181, 8, '', '90', '2023-10-19'),
(1675, 181, 26, '', '', '2023-10-19'),
(1676, 181, 11, '', '5', '2023-10-19'),
(1677, 169, 12, '5', '', '2023-10-19'),
(1678, 155, 8, '5', '', '2023-10-19'),
(1679, 169, 8, '5', '', '2023-10-19'),
(1680, 169, 2, '5', '', '2023-10-19'),
(1681, 150, 10, '4', '', '2023-10-19'),
(1682, 155, 12, '5', '', '2023-10-19'),
(1683, 150, 24, '4', '', '2023-10-19'),
(1684, 150, 11, '4', '', '2023-10-19'),
(1685, 139, 6, '4', '', '2023-10-19'),
(1686, 123, 14, '4', '', '2023-10-19'),
(1687, 146, 14, '4', '', '2023-10-19'),
(1688, 155, 14, '5', '', '2023-10-19'),
(1689, 123, 16, '3', '', '2023-10-19'),
(1690, 139, 16, '4', '', '2023-10-19'),
(1691, 176, 8, '5', '', '2023-10-19'),
(1692, 150, 14, '4', '', '2023-10-19'),
(1693, 179, 150, '', '3', '2023-10-19'),
(1694, 179, 120, '', '1', '2023-10-19'),
(1695, 153, 122, '5', '', '2023-10-19'),
(1696, 125, 141, '3', '', '2023-10-19'),
(1697, 167, 141, '3', '', '2023-10-19'),
(1698, 125, 123, '3', '', '2023-10-19'),
(1699, 167, 122, '4', '', '2023-10-19'),
(1700, 179, 146, '', '45', '2023-10-19'),
(1701, 179, 133, '', '45', '2023-10-19'),
(1702, 138, 124, '3', '', '2023-10-19'),
(1703, 167, 146, '3', '', '2023-10-19'),
(1704, 179, 127, '', '90', '2023-10-19'),
(1705, 179, 129, '', '90', '2023-10-19'),
(1706, 179, 131, '5', '', '2023-10-19'),
(1707, 125, 146, '3', '', '2023-10-19'),
(1708, 88, 133, '3', '', '2023-10-19'),
(1709, 88, 126, '3', '', '2023-10-19'),
(1710, 138, 141, '3', '', '2023-10-19'),
(1711, 138, 132, '3', '', '2023-10-19'),
(1712, 138, 123, '3', '', '2023-10-19'),
(1713, 170, 131, '5', '', '2023-10-19'),
(1714, 180, 94, '5', '4', '2023-12-07'),
(1715, 180, 96, '5', '4', '2023-11-06'),
(1716, 180, 148, '', '90', '2023-10-19'),
(1717, 160, 96, '5', '', '2023-10-19'),
(1718, 180, 112, '5', '90', '2023-11-06'),
(1719, 160, 101, '5', '', '2023-10-19'),
(1720, 180, 111, '5', '', '2023-10-19'),
(1721, 87, 91, '3', '', '2023-10-19'),
(1722, 110, 102, '3', '', '2023-10-19'),
(1723, 127, 102, '3', '', '2023-10-19'),
(1724, 142, 102, '3', '', '2023-10-19'),
(1725, 180, 99, '5', '60', '2023-11-06'),
(1726, 180, 95, '', '35', '2023-10-19'),
(1727, 180, 117, '5', '', '2023-10-21'),
(1728, 183, 152, '', '90', '2023-10-20'),
(1729, 183, 155, '', '90', '2023-10-20'),
(1730, 183, 158, '', '90', '2023-10-20'),
(1731, 183, 161, '', '90', '2023-10-20'),
(1732, 155, 11, '4', '', '2023-10-20'),
(1733, 185, 1, '', '90', '2023-10-20'),
(1734, 185, 9, '', '6', '2023-10-20'),
(1735, 185, 26, '3', '14', '2023-12-22'),
(1736, 185, 14, '5', '17', '2023-11-21'),
(1737, 176, 18, '5', '', '2023-10-20'),
(1738, 176, 23, '4', '', '2023-10-20'),
(1739, 176, 7, '4', '', '2023-10-20'),
(1740, 155, 17, '4', '', '2023-10-20'),
(1741, 176, 28, '5', '', '2023-10-20'),
(1742, 155, 24, '3', '', '2023-10-20'),
(1743, 169, 13, '5', '', '2023-10-20'),
(1744, 169, 14, '5', '', '2023-10-20'),
(1745, 186, 31, '', '90', '2023-10-20'),
(1746, 141, 33, '4', '', '2023-10-20'),
(1747, 152, 36, '4', '', '2023-10-20'),
(1748, 187, 138, '', '1', '2023-10-21'),
(1749, 187, 123, '', '1', '2023-10-21'),
(1750, 187, 126, '', '2', '2023-10-21'),
(1751, 187, 150, '', '3', '2023-10-21'),
(1752, 187, 144, '', '2', '2023-10-21'),
(1753, 170, 138, '5', '', '2023-10-21'),
(1754, 187, 129, '', '9', '2023-10-21'),
(1755, 187, 132, '', '10', '2023-10-21'),
(1756, 187, 146, '', '14', '2023-10-21'),
(1757, 187, 133, '', '19', '2023-10-21'),
(1758, 187, 128, '', '21', '2023-10-21'),
(1759, 187, 120, '', '23', '2023-10-21'),
(1760, 187, 137, '', '30', '2023-10-21'),
(1761, 187, 119, '', '90', '2023-10-21'),
(1762, 187, 124, '', '90', '2023-10-21'),
(1763, 187, 125, '', '90', '2023-10-21'),
(1764, 187, 134, '', '90', '2023-10-21'),
(1765, 187, 139, '', '90', '2023-10-21'),
(1766, 187, 141, '', '90', '2023-10-21'),
(1767, 191, 145, '3', '', '2023-10-21'),
(1768, 125, 130, '3', '', '2023-10-21'),
(1769, 88, 146, '3', '', '2023-10-21'),
(1770, 167, 128, '3', '', '2023-10-21'),
(1771, 167, 143, '4', '', '2023-10-21'),
(1772, 88, 130, '3', '', '2023-10-21'),
(1773, 188, 109, '', '4', '2023-10-21'),
(1774, 188, 111, '', '4', '2023-10-21'),
(1775, 188, 116, '', '4', '2023-10-21'),
(1776, 188, 103, '', '9', '2023-10-21'),
(1777, 188, 107, '', '12', '2023-10-21'),
(1778, 188, 97, '', '12', '2023-10-21'),
(1779, 188, 113, '', '45', '2023-10-21'),
(1780, 188, 148, '', '90', '2023-10-21'),
(1781, 188, 96, '', '19', '2023-10-21'),
(1782, 188, 115, '', '22', '2023-10-21'),
(1783, 188, 105, '', '90', '2023-10-21'),
(1784, 110, 104, '3', '', '2023-10-21'),
(1785, 127, 112, '4', '', '2023-10-21'),
(1786, 160, 112, '5', '', '2023-10-21'),
(1787, 160, 99, '5', '', '2023-10-21'),
(1788, 110, 107, '3', '', '2023-10-21'),
(1789, 160, 97, '5', '', '2023-10-21'),
(1790, 166, 97, '5', '', '2023-10-21'),
(1791, 189, 1, '', '90', '2023-10-21'),
(1792, 189, 2, '5', '10', '2023-10-21'),
(1793, 189, 7, '', '58', '2023-10-21'),
(1794, 189, 25, '', '20', '2023-10-21'),
(1795, 189, 11, '', '10', '2023-10-21'),
(1796, 189, 14, '', '50', '2023-10-21'),
(1797, 189, 28, '', '', '2023-10-21'),
(1798, 189, 19, '', '15', '2023-10-21'),
(1799, 189, 22, '', '90', '2023-10-21'),
(1800, 189, 24, '5', '10', '2023-10-21'),
(1801, 169, 11, '5', '', '2023-10-21'),
(1802, 189, 15, '5', '', '2023-10-21'),
(1803, 189, 26, '5', '', '2023-10-21'),
(1804, 189, 13, '5', '', '2023-10-21'),
(1805, 189, 23, '5', '', '2023-10-21'),
(1806, 190, 46, '', '90', '2023-10-21'),
(1807, 190, 49, '', '25', '2023-10-21'),
(1808, 190, 39, '', '90', '2023-10-21'),
(1809, 190, 31, '', '90', '2023-10-21'),
(1810, 154, 34, '4', '', '2023-10-21'),
(1811, 154, 149, '3', '', '2023-10-21'),
(1812, 190, 36, '5', '', '2023-10-21'),
(1813, 190, 37, '2', '90', '2023-10-21'),
(1814, 190, 32, '5', '', '2023-10-21'),
(1815, 186, 32, '3', '', '2023-11-21'),
(1816, 190, 40, '3', '', '2023-11-11'),
(1817, 190, 34, '5', '', '2023-10-21'),
(1818, 190, 45, '5', '', '2023-10-21'),
(1819, 127, 108, '3', '', '2023-10-24'),
(1820, 92, 51, '5', '', '2023-10-25'),
(1821, 95, 69, '5', '', '2023-10-25'),
(1822, 191, 123, '', '17', '2023-10-31'),
(1823, 191, 127, '', '90', '2023-10-31'),
(1824, 191, 130, '3', '8', '2023-11-21'),
(1825, 191, 134, '3', '90', '2023-11-21'),
(1826, 191, 136, '3', '13', '2024-01-12'),
(1827, 191, 137, '', '15', '2023-10-31'),
(1828, 191, 141, '3', '90', '2023-11-17'),
(1829, 192, 90, '', '90', '2023-10-31'),
(1830, 192, 113, '', '90', '2023-10-31'),
(1831, 192, 105, '3', '90', '2023-12-23'),
(1832, 193, 1, '', '90', '2023-10-31'),
(1833, 193, 25, '', '10', '2023-10-31'),
(1834, 193, 9, '', '90', '2023-10-31'),
(1835, 193, 11, '5', '90', '2023-11-21'),
(1836, 193, 20, '', '90', '2023-10-31'),
(1837, 194, 34, '3', '9', '2023-12-02'),
(1838, 194, 149, '', '18', '2023-10-31'),
(1839, 195, 1, '', '90', '2023-11-01'),
(1840, 195, 7, '', '90', '2023-11-01'),
(1841, 195, 9, '', '90', '2023-11-01'),
(1842, 195, 11, '', '90', '2023-11-01'),
(1843, 195, 12, '', '90', '2023-11-01'),
(1844, 195, 14, '', '25', '2023-11-01'),
(1845, 195, 24, '', '9', '2023-11-01'),
(1846, 196, 31, '', '8', '2023-11-01'),
(1847, 196, 32, '', '11', '2023-11-01'),
(1848, 196, 34, '', '46', '2023-11-01'),
(1849, 196, 37, '', '90', '2023-11-01'),
(1850, 196, 39, '', '90', '2023-11-01'),
(1851, 196, 149, '', '', '2023-11-01'),
(1852, 196, 46, '', '20', '2023-11-01'),
(1853, 197, 6, '', '1', '2023-11-02'),
(1854, 198, 39, '', '1', '2023-11-02'),
(1855, 198, 31, '', '1', '2023-11-02'),
(1856, 198, 32, '', '1', '2023-11-02'),
(1857, 197, 18, '', '2', '2023-11-02'),
(1858, 197, 10, '', '4', '2023-11-02'),
(1859, 198, 45, '', '4', '2023-11-02'),
(1860, 198, 34, '', '5', '2023-11-02'),
(1861, 197, 19, '', '5', '2023-11-02'),
(1862, 197, 1, '', '90', '2023-11-02'),
(1863, 197, 7, '', '90', '2023-11-02'),
(1864, 197, 8, '', '90', '2023-11-02'),
(1865, 197, 9, '', '90', '2023-11-02'),
(1866, 197, 12, '', '90', '2023-11-02'),
(1867, 197, 16, '', '90', '2023-11-02'),
(1868, 198, 37, '', '90', '2023-11-02'),
(1869, 198, 172, '', '90', '2023-11-02'),
(1870, 198, 43, '', '90', '2023-11-02'),
(1871, 198, 149, '', '12', '2023-11-02'),
(1872, 198, 46, '', '90', '2023-11-02'),
(1873, 198, 47, '', '12', '2023-11-02'),
(1874, 112, 9, '4', '', '2023-11-02'),
(1875, 118, 25, '3', '', '2023-11-02'),
(1876, 123, 9, '4', '', '2023-11-02'),
(1877, 169, 6, '5', '', '2023-11-02'),
(1878, 176, 2, '5', '', '2023-11-02'),
(1879, 176, 16, '4', '', '2023-11-02'),
(1880, 176, 14, '5', '', '2023-11-02'),
(1881, 176, 21, '5', '', '2023-11-02'),
(1882, 176, 13, '5', '', '2023-11-02'),
(1883, 176, 3, '4', '', '2023-11-02'),
(1884, 185, 22, '5', '', '2023-11-02'),
(1885, 185, 2, '3', '', '2023-11-02'),
(1886, 185, 27, '4', '', '2023-11-02'),
(1887, 185, 21, '5', '', '2023-11-06'),
(1888, 185, 8, '5', '', '2023-11-02'),
(1889, 193, 21, '5', '', '2023-11-02'),
(1890, 199, 90, '2', '7', '2023-11-07'),
(1891, 199, 97, '4', '', '2023-11-07'),
(1892, 199, 103, '2', '90', '2023-11-07'),
(1893, 199, 116, '2', '90', '2023-11-07'),
(1894, 200, 137, '', '7', '2023-11-03'),
(1895, 200, 123, '', '90', '2023-11-03'),
(1896, 200, 126, '', '90', '2023-11-03'),
(1897, 200, 127, '', '90', '2023-11-03'),
(1898, 200, 129, '', '90', '2023-11-03'),
(1899, 116, 97, '4', '', '2023-11-03'),
(1900, 199, 96, '5', '12', '2023-11-03'),
(1901, 199, 117, '5', '', '2023-11-03'),
(1902, 199, 100, '5', '', '2023-11-03'),
(1903, 199, 108, '5', '', '2023-11-03'),
(1904, 199, 94, '5', '', '2023-11-03'),
(1905, 199, 99, '5', '', '2023-11-03'),
(1906, 199, 109, '5', '', '2023-11-03'),
(1907, 199, 111, '5', '', '2023-11-03'),
(1908, 199, 112, '5', '', '2023-11-03'),
(1909, 199, 115, '5', '', '2023-11-03'),
(1910, 199, 101, '5', '', '2023-11-03'),
(1911, 199, 104, '5', '', '2023-11-03'),
(1912, 199, 102, '5', '', '2023-11-03'),
(1913, 199, 107, '5', '', '2023-11-03'),
(1914, 193, 22, '5', '', '2023-11-06'),
(1915, 193, 2, '3', '', '2023-11-06'),
(1916, 193, 27, '5', '', '2023-11-06'),
(1917, 193, 3, '4', '', '2023-11-06'),
(1918, 193, 8, '5', '', '2023-11-06'),
(1919, 185, 23, '4', '', '2023-11-06'),
(1920, 185, 11, '4', '', '2023-11-06'),
(1921, 185, 12, '5', '', '2023-11-06'),
(1922, 155, 10, '4', '', '2023-11-06'),
(1923, 185, 18, '5', '', '2023-11-06'),
(1924, 201, 111, '5', '', '2023-11-06'),
(1925, 192, 111, '4', '', '2023-11-06'),
(1926, 192, 109, '5', '', '2023-11-06'),
(1927, 192, 117, '5', '', '2023-11-06'),
(1928, 180, 109, '5', '', '2023-11-06'),
(1929, 166, 112, '5', '', '2023-11-06'),
(1930, 166, 101, '5', '', '2023-11-06'),
(1931, 166, 99, '5', '', '2023-11-06'),
(1932, 166, 94, '5', '', '2023-11-06'),
(1933, 87, 95, '3', '', '2023-11-06'),
(1934, 191, 122, '4', '', '2023-11-06'),
(1935, 191, 139, '3', '', '2023-11-06'),
(1936, 191, 118, '3', '', '2023-11-06'),
(1937, 191, 132, '3', '', '2023-11-06'),
(1938, 191, 131, '5', '', '2023-11-06'),
(1939, 191, 143, '4', '', '2023-11-06'),
(1940, 179, 122, '5', '', '2023-11-06'),
(1941, 179, 132, '5', '', '2023-11-06'),
(1942, 179, 143, '5', '', '2023-11-06'),
(1943, 167, 144, '4', '', '2023-11-06'),
(1944, 199, 148, '4', '', '2023-11-07'),
(1945, 199, 91, '4', '', '2023-11-07'),
(1946, 199, 93, '4', '', '2023-11-07'),
(1947, 199, 106, '4', '', '2023-11-07'),
(1948, 199, 110, '4', '', '2023-12-12'),
(1949, 199, 105, '2', '', '2023-11-07'),
(1950, 199, 95, '2', '', '2023-11-07'),
(1951, 199, 113, '2', '', '2023-11-07'),
(1952, 199, 92, '4', '', '2023-11-18'),
(1953, 205, 34, '3', '6', '2023-12-06'),
(1954, 205, 45, '', '6', '2023-11-08'),
(1955, 205, 43, '3', '9', '2023-11-30'),
(1956, 205, 37, '', '6', '2023-11-08'),
(1957, 168, 43, '4', '', '2023-11-08'),
(1958, 205, 47, '3', '41', '2023-12-12'),
(1959, 193, 12, '5', '', '2023-11-08'),
(1960, 193, 17, '4', '', '2023-11-08'),
(1961, 185, 13, '4', '', '2023-11-08'),
(1962, 176, 19, '3', '', '2023-11-08'),
(1963, 169, 17, '4', '', '2023-11-08'),
(1964, 155, 25, '3', '', '2023-11-08'),
(1965, 112, 3, '3', '', '2023-11-08'),
(1966, 206, 10, '5', '90', '2023-11-21'),
(1967, 206, 28, '3', '90', '2023-12-27'),
(1968, 206, 1, '', '90', '2023-11-09'),
(1969, 207, 1, '', '90', '2023-11-09'),
(1970, 207, 28, '', '90', '2023-11-09'),
(1971, 207, 2, '5', '', '2023-11-09'),
(1972, 207, 26, '5', '', '2023-11-09'),
(1973, 207, 23, '5', '', '2023-11-09'),
(1974, 208, 31, '', '45', '2023-11-09'),
(1975, 208, 34, '', '90', '2023-11-09'),
(1976, 208, 39, '', '6', '2023-11-09'),
(1977, 208, 46, '', '6', '2023-11-09'),
(1978, 201, 109, '5', '', '2023-11-09'),
(1979, 192, 92, '4', '', '2023-11-09'),
(1980, 142, 108, '3', '', '2023-11-09'),
(1981, 87, 108, '3', '', '2023-11-09'),
(1982, 192, 112, '4', '', '2023-11-09'),
(1983, 192, 94, '4', '', '2023-11-09'),
(1984, 192, 96, '3', '', '2023-11-09'),
(1985, 192, 97, '4', '', '2023-11-09'),
(1986, 192, 101, '4', '', '2023-11-09'),
(1987, 166, 107, '3', '', '2023-11-09'),
(1988, 202, 131, '5', '', '2023-11-09'),
(1989, 153, 134, '4', '', '2023-11-09'),
(1990, 191, 128, '3', '', '2023-11-09'),
(1991, 191, 124, '3', '', '2023-11-09'),
(1992, 191, 146, '3', '', '2023-11-09'),
(1993, 138, 133, '3', '', '2023-11-09'),
(1994, 211, 118, '', '90', '2023-11-10'),
(1995, 211, 120, '2', '30', '2023-11-11'),
(1996, 211, 124, '2', '15', '2023-11-11'),
(1997, 211, 150, '3', '90', '2023-11-11'),
(1998, 211, 133, '2', '16', '2023-11-11'),
(1999, 211, 137, '2', '22', '2023-11-11'),
(2000, 211, 146, '3', '16', '2023-11-17'),
(2001, 212, 90, '3', '', '2023-11-10'),
(2002, 212, 91, '', '90', '2023-11-10'),
(2003, 212, 92, '3', '', '2023-11-10'),
(2004, 212, 93, '2', '', '2023-11-10'),
(2005, 212, 113, '', '90', '2023-11-10'),
(2006, 212, 148, '2', '', '2023-11-10'),
(2007, 212, 94, '3', '', '2023-11-10'),
(2008, 212, 95, '3', '', '2023-11-10'),
(2009, 212, 96, '4', '', '2024-01-17'),
(2010, 212, 97, '2', '', '2023-11-10'),
(2011, 212, 173, '2', '', '2023-11-10'),
(2012, 212, 115, '2', '', '2023-11-10'),
(2013, 212, 99, '4', '', '2024-01-17'),
(2014, 212, 100, '', '90', '2023-11-10'),
(2015, 212, 101, '3', '', '2023-11-10'),
(2016, 212, 102, '4', '', '2023-11-10'),
(2017, 212, 103, '', '90', '2023-11-10'),
(2018, 212, 104, '2', '', '2023-11-10'),
(2019, 212, 105, '2', '', '2023-11-10'),
(2020, 212, 106, '2', '', '2023-11-10'),
(2021, 212, 107, '2', '', '2023-11-10'),
(2022, 212, 108, '2', '', '2023-11-10'),
(2023, 212, 116, '2', '', '2023-11-10'),
(2024, 212, 109, '4', '', '2023-11-10'),
(2025, 212, 110, '2', '', '2023-12-12'),
(2026, 212, 111, '4', '', '2023-11-10'),
(2027, 212, 117, '3', '', '2023-11-10'),
(2028, 212, 112, '3', '', '2023-11-10'),
(2029, 216, 124, '3', '1', '2023-12-02'),
(2031, 216, 138, '3', '3', '2023-12-01'),
(2032, 216, 133, '', '3', '2023-11-11'),
(2033, 216, 146, '3', '3', '2023-12-01'),
(2034, 216, 144, '', '3', '2023-11-11'),
(2035, 216, 131, '5', '', '2023-11-11'),
(2036, 216, 139, '', '19', '2023-11-11'),
(2037, 202, 139, '3', '', '2023-11-11'),
(2038, 216, 137, '', '60', '2023-11-11'),
(2039, 216, 118, '', '90', '2023-11-11'),
(2040, 216, 119, '', '90', '2023-11-11'),
(2041, 216, 122, '4', '90', '2023-11-17'),
(2042, 216, 143, '4', '90', '2023-11-21'),
(2043, 216, 126, '', '90', '2023-11-11'),
(2044, 216, 127, '', '90', '2023-11-11'),
(2045, 216, 130, '', '', '2023-11-11'),
(2046, 216, 134, '3', '90', '2024-01-12'),
(2047, 216, 145, '', '90', '2023-11-11'),
(2048, 216, 141, '3', '90', '2023-11-24'),
(2049, 216, 120, '', '', '2023-11-11'),
(2050, 216, 121, '3', '', '2023-11-21'),
(2051, 211, 121, '5', '', '2023-11-17'),
(2053, 211, 123, '2', '', '2023-11-11'),
(2054, 160, 106, '4', '', '2023-11-11'),
(2055, 215, 91, '3', '90', '2023-12-23'),
(2056, 180, 101, '5', '', '2023-11-11'),
(2057, 201, 117, '5', '', '2023-11-11'),
(2058, 166, 102, '3', '', '2023-11-11'),
(2059, 192, 102, '3', '', '2023-11-11'),
(2060, 215, 111, '4', '', '2023-11-11'),
(2061, 215, 113, '', '90', '2023-11-11'),
(2062, 215, 148, '', '90', '2023-11-11'),
(2063, 215, 100, '', '90', '2023-11-11'),
(2064, 215, 103, '3', '90', '2024-01-24'),
(2065, 215, 105, '', '6', '2023-11-11'),
(2066, 215, 107, '3', '90', '2024-01-31'),
(2067, 166, 115, '3', '', '2023-11-11'),
(2068, 192, 115, '3', '', '2023-11-11'),
(2069, 192, 99, '4', '', '2023-11-11'),
(2070, 211, 143, '', '', '2023-11-11'),
(2071, 211, 125, '2', '', '2023-11-11'),
(2072, 211, 126, '2', '', '2023-11-11'),
(2073, 211, 129, '2', '', '2023-11-11'),
(2074, 211, 131, '3', '', '2023-11-17'),
(2075, 211, 144, '3', '', '2023-11-11'),
(2076, 211, 132, '3', '', '2023-11-17'),
(2077, 211, 136, '2', '', '2023-11-11'),
(2078, 211, 138, '4', '', '2023-11-11'),
(2079, 211, 139, '4', '', '2023-11-21'),
(2080, 215, 112, '5', '45', '2023-11-18'),
(2081, 160, 116, '4', '', '2023-11-11'),
(2082, 180, 116, '4', '', '2023-11-11'),
(2083, 214, 33, '', '90', '2023-11-11'),
(2084, 214, 34, '', '15', '2023-11-11'),
(2085, 214, 36, '', '10', '2023-11-11'),
(2086, 214, 37, '', '10', '2023-11-11'),
(2087, 214, 43, '', '15', '2023-11-11'),
(2088, 214, 49, '', '15', '2023-11-11'),
(2089, 214, 46, '', '90', '2023-11-11'),
(2090, 213, 1, '', '90', '2023-11-11'),
(2091, 213, 14, '', '90', '2023-11-11'),
(2092, 213, 17, '', '90', '2023-11-11'),
(2093, 213, 20, '', '90', '2023-11-11'),
(2094, 206, 11, '5', '', '2023-11-11'),
(2095, 206, 21, '5', '', '2023-11-11'),
(2096, 206, 12, '5', '', '2023-11-11'),
(2097, 217, 90, '', '90', '2023-11-14'),
(2098, 217, 91, '', '90', '2023-11-14'),
(2099, 217, 94, '', '18', '2023-11-14'),
(2100, 217, 97, '', '52', '2023-11-14'),
(2101, 217, 115, '', '90', '2023-11-14'),
(2102, 217, 100, '', '90', '2023-11-14'),
(2103, 217, 103, '', '90', '2023-11-14'),
(2104, 217, 106, '', '90', '2023-11-14'),
(2105, 217, 108, '', '44', '2023-11-14'),
(2106, 217, 112, '', '66', '2023-11-14'),
(2107, 218, 118, '', '90', '2023-11-14'),
(2108, 218, 119, '', '90', '2023-11-14'),
(2109, 218, 123, '', '52', '2023-11-14'),
(2110, 218, 125, '', '90', '2023-11-14'),
(2111, 218, 127, '', '90', '2023-11-14'),
(2112, 218, 128, '', '90', '2023-11-14'),
(2113, 218, 134, '', '90', '2023-11-14'),
(2114, 218, 136, '', '90', '2023-11-14'),
(2115, 201, 96, '5', '', '2023-11-14'),
(2116, 201, 101, '5', '', '2023-11-14'),
(2117, 166, 108, '3', '', '2023-11-14'),
(2118, 201, 99, '5', '', '2023-11-14'),
(2119, 219, 1, '', '90', '2023-11-14'),
(2120, 219, 12, '', '90', '2023-11-14'),
(2121, 219, 24, '', '90', '2023-11-14'),
(2122, 206, 2, '5', '', '2023-11-14'),
(2123, 193, 18, '5', '', '2023-11-14'),
(2124, 206, 18, '5', '', '2023-11-14'),
(2125, 176, 22, '4', '', '2023-11-14'),
(2126, 206, 22, '5', '', '2023-11-14'),
(2127, 206, 27, '5', '', '2023-11-14'),
(2128, 206, 8, '5', '', '2023-11-14'),
(2129, 206, 3, '4', '', '2023-11-14'),
(2130, 185, 17, '4', '', '2023-11-14'),
(2131, 206, 16, '4', '', '2023-11-14'),
(2132, 177, 32, '3', '', '2023-11-14'),
(2133, 86, 149, '3', '', '2023-11-14'),
(2134, 205, 39, '3', '', '2023-11-15'),
(2135, 221, 31, '', '90', '2023-11-15'),
(2136, 221, 46, '', '90', '2023-11-15'),
(2137, 177, 36, '3', '', '2023-11-15'),
(2138, 222, 1, '', '90', '2023-11-16'),
(2139, 223, 1, '', '90', '2023-11-16'),
(2140, 223, 2, '4', '5', '2023-11-21'),
(2141, 223, 9, '3', '90', '2023-11-21'),
(2142, 223, 11, '3', '5', '2023-11-21'),
(2143, 223, 15, '3', '90', '2023-11-21'),
(2144, 206, 26, '5', '', '2023-11-16'),
(2145, 222, 12, '5', '', '2023-11-16'),
(2146, 193, 16, '4', '', '2023-11-16'),
(2147, 193, 13, '5', '', '2023-11-16'),
(2148, 206, 13, '5', '', '2023-11-16'),
(2149, 193, 23, '5', '', '2023-11-16'),
(2150, 206, 23, '5', '', '2023-11-16'),
(2151, 169, 10, '4', '', '2023-11-16'),
(2152, 224, 32, '4', '90', '2023-11-22'),
(2153, 224, 37, '3', '90', '2023-11-23'),
(2154, 224, 43, '3', '4', '2023-11-21'),
(2155, 224, 149, '3', '4', '2023-11-23'),
(2156, 224, 45, '', '2', '2023-11-16'),
(2157, 224, 46, '', '90', '2023-11-16'),
(2158, 226, 119, '', '90', '2023-11-17'),
(2159, 226, 120, '', '90', '2023-11-17'),
(2160, 226, 121, '', '7', '2023-11-17'),
(2161, 226, 124, '', '11', '2023-11-17'),
(2162, 226, 150, '', '13', '2023-11-17'),
(2163, 226, 143, '', '90', '2023-11-17'),
(2164, 226, 125, '', '90', '2023-11-17'),
(2165, 226, 126, '', '12', '2023-11-17'),
(2166, 226, 127, '', '90', '2023-11-17'),
(2167, 226, 128, '', '2', '2023-11-17'),
(2168, 226, 130, '', '90', '2023-11-17'),
(2169, 226, 133, '', '90', '2023-11-17'),
(2170, 226, 138, '', '90', '2023-11-17'),
(2171, 226, 139, '', '90', '2023-11-17'),
(2172, 226, 145, '', '90', '2023-11-17'),
(2173, 202, 122, '4', '', '2023-11-17'),
(2174, 211, 141, '3', '', '2023-11-17'),
(2175, 211, 122, '3', '', '2023-11-17'),
(2176, 211, 134, '3', '', '2023-11-17'),
(2177, 201, 94, '5', '', '2023-11-17'),
(2178, 215, 109, '5', '', '2023-11-17'),
(2179, 192, 107, '3', '', '2023-11-17'),
(2180, 215, 92, '3', '', '2023-11-17'),
(2181, 166, 90, '3', '', '2023-11-17'),
(2182, 180, 90, '3', '', '2023-11-17'),
(2183, 215, 97, '5', '', '2023-11-17'),
(2184, 201, 112, '5', '', '2023-11-18'),
(2185, 192, 104, '3', '', '2023-11-17'),
(2186, 225, 96, '', '90', '2023-11-17'),
(2187, 225, 115, '', '90', '2023-11-17'),
(2188, 225, 100, '', '16', '2023-11-17'),
(2189, 225, 103, '', '90', '2023-11-17'),
(2190, 225, 105, '', '90', '2023-11-17'),
(2191, 225, 106, '', '90', '2023-11-17'),
(2192, 225, 117, '', '90', '2023-11-17'),
(2193, 215, 110, '3', '', '2023-11-17'),
(2194, 87, 93, '3', '', '2023-11-17'),
(2195, 201, 107, '3', '', '2023-11-17'),
(2196, 110, 100, '3', '', '2023-11-17'),
(2197, 231, 122, '4', '2', '2023-12-01'),
(2198, 231, 141, '3', '5', '2023-12-02'),
(2199, 231, 136, '', '8', '2023-11-18'),
(2200, 231, 125, '', '9', '2023-11-18'),
(2201, 231, 120, '', '9', '2023-11-18'),
(2202, 231, 150, '', '13', '2023-11-18'),
(2203, 231, 128, '', '16', '2023-11-18'),
(2204, 231, 126, '', '22', '2023-11-18'),
(2205, 231, 137, '', '30', '2023-11-18'),
(2206, 231, 123, '', '30', '2023-11-18'),
(2207, 231, 118, '', '90', '2023-11-18'),
(2208, 231, 119, '', '90', '2023-11-18'),
(2209, 231, 124, '', '90', '2023-11-18'),
(2210, 231, 143, '4', '90', '2023-12-01'),
(2211, 231, 127, '', '90', '2023-11-18'),
(2212, 231, 129, '', '90', '2023-11-18'),
(2213, 231, 130, '', '90', '2023-11-18'),
(2214, 231, 133, '', '90', '2023-11-18'),
(2215, 231, 134, '', '90', '2023-11-18'),
(2216, 231, 138, '', '90', '2023-11-18'),
(2217, 231, 139, '4', '90', '2023-11-28'),
(2218, 231, 146, '', '90', '2023-11-18'),
(2219, 215, 96, '4', '', '2023-11-18'),
(2220, 234, 99, '5', '90', '2023-12-16'),
(2221, 234, 101, '5', '90', '2023-12-16'),
(2222, 234, 107, '3', '90', '2024-01-31'),
(2223, 234, 111, '5', '7', '2023-11-18'),
(2224, 234, 117, '5', '90', '2023-12-16'),
(2225, 201, 104, '4', '', '2023-11-18'),
(2226, 215, 104, '4', '', '2023-11-18'),
(2227, 215, 94, '5', '', '2023-11-18'),
(2228, 201, 115, '3', '', '2023-11-18'),
(2229, 215, 90, '3', '', '2023-11-18'),
(2230, 127, 93, '3', '', '2023-11-18'),
(2231, 234, 93, '', '30', '2023-12-12'),
(2232, 234, 97, '5', '90', '2023-12-16'),
(2233, 234, 100, '', '90', '2023-11-18'),
(2234, 234, 103, '', '90', '2023-11-18'),
(2235, 234, 105, '', '45', '2023-11-18'),
(2236, 234, 106, '', '90', '2023-11-18'),
(2237, 234, 110, '', '90', '2023-11-18'),
(2238, 234, 112, '5', '12', '2023-12-16'),
(2239, 227, 6, '', '2', '2023-11-18'),
(2240, 227, 2, '4', '2', '2023-11-22'),
(2241, 227, 11, '5', '5', '2023-11-22'),
(2242, 227, 25, '4', '5', '2023-12-27'),
(2243, 227, 1, '', '90', '2023-11-18'),
(2244, 228, 1, '', '90', '2023-11-18'),
(2245, 227, 8, '5', '90', '2023-11-22'),
(2246, 228, 8, '', '90', '2023-11-18'),
(2247, 227, 9, '', '90', '2023-11-18'),
(2248, 228, 9, '', '90', '2023-11-18'),
(2249, 227, 10, '3', '90', '2024-01-15'),
(2250, 228, 10, '', '90', '2023-11-18'),
(2251, 227, 12, '5', '90', '2023-11-21'),
(2252, 228, 12, '', '90', '2023-11-18'),
(2253, 223, 12, '4', '', '2023-11-21'),
(2254, 227, 13, '4', '90', '2023-12-27'),
(2255, 228, 13, '', '90', '2023-11-18'),
(2256, 227, 27, '5', '90', '2023-11-21'),
(2257, 228, 27, '', '90', '2023-11-18'),
(2258, 227, 17, '4', '90', '2023-11-28'),
(2259, 228, 17, '', '90', '2023-11-18'),
(2260, 227, 19, '4', '11', '2024-01-12'),
(2261, 228, 19, '', '', '2023-11-18'),
(2262, 227, 20, '', '90', '2023-11-18'),
(2263, 228, 20, '', '90', '2023-11-18'),
(2264, 227, 23, '4', '90', '2023-11-28'),
(2265, 228, 23, '', '90', '2023-11-18'),
(2266, 227, 24, '', '13', '2023-11-18'),
(2267, 228, 24, '', '', '2023-11-18'),
(2268, 229, 33, '', '', '2023-11-18'),
(2269, 230, 33, '', '', '2023-11-18'),
(2270, 229, 34, '4', '90', '2023-12-06'),
(2271, 230, 34, '', '90', '2023-11-18'),
(2272, 229, 37, '', '90', '2023-11-18'),
(2273, 230, 37, '', '90', '2023-11-18'),
(2274, 229, 39, '', '8', '2023-11-18'),
(2275, 229, 172, '4', '90', '2023-11-29'),
(2276, 230, 172, '', '90', '2023-11-18'),
(2277, 229, 45, '', '90', '2023-11-18'),
(2278, 230, 45, '', '90', '2023-11-18'),
(2279, 229, 46, '', '90', '2023-11-18'),
(2280, 230, 46, '', '90', '2023-11-18'),
(2281, 229, 47, '', '90', '2023-11-18'),
(2282, 230, 47, '', '90', '2023-11-18'),
(2283, 206, 14, '4', '', '2023-11-21'),
(2284, 222, 22, '5', '', '2023-11-21'),
(2285, 222, 17, '4', '', '2023-11-21'),
(2286, 222, 27, '5', '', '2023-11-21'),
(2287, 222, 11, '5', '', '2023-11-21'),
(2288, 222, 18, '5', '', '2023-11-21'),
(2289, 222, 8, '5', '', '2023-11-21'),
(2290, 141, 40, '3', '', '2023-11-21'),
(2291, 166, 95, '3', '', '2023-11-21'),
(2292, 192, 95, '3', '', '2023-11-21'),
(2293, 215, 101, '5', '', '2023-11-21'),
(2294, 215, 99, '5', '', '2023-11-21'),
(2295, 215, 117, '5', '', '2023-11-21'),
(2296, 235, 136, '', '11', '2023-11-21'),
(2297, 153, 139, '4', '', '2023-11-21'),
(2298, 167, 139, '3', '', '2023-11-21'),
(2299, 235, 150, '', '20', '2023-11-21'),
(2300, 235, 127, '', '20', '2023-11-21'),
(2301, 235, 133, '', '30', '2023-11-21'),
(2302, 235, 146, '', '30', '2023-11-21'),
(2303, 202, 134, '4', '', '2023-11-21'),
(2304, 235, 119, '', '90', '2023-11-21'),
(2305, 235, 120, '', '90', '2023-11-21'),
(2306, 235, 138, '', '90', '2023-11-21'),
(2307, 202, 143, '4', '', '2023-11-21'),
(2308, 112, 21, '3', '', '2023-11-21'),
(2309, 176, 12, '4', '', '2023-11-21'),
(2310, 222, 2, '4', '', '2023-11-21'),
(2311, 236, 12, '5', '', '2023-11-30'),
(2312, 227, 18, '5', '', '2023-11-21'),
(2313, 206, 17, '3', '', '2023-11-21'),
(2314, 223, 3, '4', '', '2023-11-21'),
(2315, 223, 6, '3', '', '2023-11-21'),
(2316, 155, 6, '4', '', '2023-11-21'),
(2317, 223, 7, '3', '', '2023-11-21'),
(2318, 223, 25, '4', '', '2023-11-21'),
(2319, 223, 8, '5', '', '2023-11-21'),
(2320, 223, 10, '5', '', '2023-11-21'),
(2321, 223, 26, '4', '', '2023-11-21'),
(2322, 223, 13, '5', '', '2023-11-21'),
(2323, 223, 14, '4', '', '2023-11-21'),
(2324, 223, 27, '3', '', '2023-11-21'),
(2325, 223, 16, '4', '', '2023-11-21'),
(2326, 223, 17, '3', '', '2023-11-21'),
(2327, 223, 18, '4', '', '2023-11-21'),
(2328, 223, 28, '4', '', '2023-11-21'),
(2329, 223, 19, '3', '', '2023-11-21'),
(2330, 223, 20, '3', '', '2023-11-21'),
(2331, 223, 21, '5', '', '2023-11-21'),
(2332, 223, 22, '5', '', '2023-11-21'),
(2333, 223, 23, '5', '', '2023-11-21'),
(2334, 223, 24, '3', '', '2023-11-21'),
(2335, 222, 21, '5', '', '2023-11-21'),
(2336, 206, 24, '3', '', '2023-11-21'),
(2337, 222, 3, '4', '', '2023-11-21'),
(2338, 112, 26, '3', '', '2023-11-21'),
(2339, 176, 6, '3', '', '2023-11-21'),
(2340, 152, 34, '3', '', '2023-11-21'),
(2341, 224, 36, '3', '', '2023-11-21'),
(2342, 224, 39, '3', '', '2023-11-21'),
(2343, 224, 40, '3', '', '2023-11-21'),
(2344, 224, 41, '3', '', '2023-11-21'),
(2345, 224, 48, '3', '', '2023-11-21'),
(2346, 224, 49, '3', '', '2023-11-21'),
(2347, 236, 1, '', '90', '2023-11-21'),
(2348, 194, 32, '3', '', '2023-11-29'),
(2349, 205, 32, '3', '', '2023-11-28'),
(2350, 221, 32, '', '', '2023-11-21'),
(2351, 168, 36, '4', '', '2023-11-21'),
(2352, 242, 31, '', '90', '2023-11-22'),
(2353, 237, 49, '', '90', '2023-11-22'),
(2354, 242, 37, '', '90', '2023-11-22'),
(2355, 242, 40, '', '', '2023-11-23'),
(2356, 242, 33, '', '90', '2023-11-22'),
(2357, 186, 43, '3', '', '2023-11-22'),
(2358, 224, 47, '3', '', '2023-11-22'),
(2359, 224, 42, '3', '', '2023-11-22'),
(2360, 224, 34, '3', '', '2023-11-22'),
(2361, 154, 40, '3', '', '2023-11-22'),
(2362, 241, 1, '', '90', '2023-11-22'),
(2363, 241, 9, '', '90', '2023-11-22'),
(2364, 241, 16, '4', '90', '2023-12-02'),
(2365, 241, 28, '3', '90', '2024-01-17'),
(2366, 222, 23, '5', '', '2023-11-22'),
(2367, 236, 7, '4', '', '2023-11-22'),
(2368, 227, 22, '5', '', '2023-11-22'),
(2369, 227, 21, '5', '', '2023-11-22'),
(2370, 193, 14, '4', '', '2023-11-22'),
(2371, 243, 1, '', '90', '2023-11-23'),
(2372, 243, 9, '', '90', '2023-11-23'),
(2373, 243, 10, '3', '90', '2023-12-06'),
(2374, 243, 12, '5', '90', '2023-12-06'),
(2375, 243, 15, '', '90', '2023-11-23'),
(2376, 243, 20, '', '90', '2023-11-23'),
(2377, 222, 13, '5', '', '2023-11-23'),
(2378, 222, 16, '5', '', '2023-11-23'),
(2379, 244, 45, '', '1', '2023-11-23'),
(2380, 244, 149, '', '1', '2023-11-23'),
(2381, 244, 39, '', '90', '2023-11-23'),
(2382, 244, 172, '4', '90', '2023-12-02'),
(2383, 244, 46, '', '90', '2023-11-23'),
(2384, 244, 49, '', '90', '2023-11-23'),
(2385, 244, 43, '', '90', '2023-11-23'),
(2386, 223, 174, '3', '', '2023-11-24'),
(2387, 15, 174, '5', '', '2023-11-24'),
(2388, 33, 174, '5', '', '2023-11-24'),
(2389, 179, 141, '3', '', '2023-11-24'),
(2390, 231, 131, '5', '', '2023-11-24'),
(2391, 167, 132, '3', '', '2023-11-24'),
(2392, 245, 118, '', '25', '2023-11-24'),
(2393, 245, 119, '', '90', '2023-11-24'),
(2394, 245, 122, '', '', '2023-11-24'),
(2395, 245, 121, '', '13', '2023-11-24'),
(2396, 245, 123, '', '20', '2023-11-24'),
(2397, 245, 124, '', '30', '2023-11-24'),
(2398, 245, 150, '', '90', '2023-11-24'),
(2399, 245, 129, '', '90', '2023-11-24'),
(2400, 245, 130, '', '90', '2023-11-24'),
(2401, 245, 132, '', '45', '2023-11-24'),
(2402, 245, 134, '', '90', '2023-11-24'),
(2403, 245, 137, '', '45', '2023-11-24'),
(2404, 245, 138, '', '90', '2023-11-24'),
(2405, 245, 146, '', '5', '2023-11-24'),
(2406, 247, 130, '', '6', '2023-11-28'),
(2407, 202, 141, '3', '', '2023-11-28'),
(2408, 153, 128, '3', '', '2023-11-28'),
(2409, 138, 128, '3', '', '2023-11-28'),
(2410, 202, 132, '3', '', '2023-11-28'),
(2411, 216, 132, '3', '', '2023-11-28'),
(2412, 247, 118, '', '90', '2023-12-01'),
(2413, 247, 119, '', '90', '2023-11-28'),
(2414, 247, 143, '4', '90', '2023-12-06'),
(2415, 247, 125, '', '90', '2023-11-28'),
(2416, 247, 129, '', '90', '2023-11-28'),
(2417, 247, 134, '3', '90', '2024-01-12'),
(2418, 247, 138, '', '90', '2023-11-28'),
(2419, 247, 146, '', '90', '2023-11-28'),
(2420, 191, 121, '3', '', '2023-11-28'),
(2421, 216, 128, '3', '', '2023-11-28'),
(2422, 243, 21, '5', '', '2023-11-28'),
(2423, 112, 16, '3', '', '2023-11-28'),
(2424, 227, 16, '4', '', '2023-11-28'),
(2425, 236, 21, '5', '', '2023-11-28'),
(2426, 185, 10, '4', '', '2023-11-28'),
(2427, 236, 18, '5', '', '2023-11-28'),
(2428, 241, 18, '5', '', '2023-11-28'),
(2429, 236, 2, '4', '', '2023-11-28'),
(2430, 236, 22, '5', '', '2023-11-28'),
(2431, 236, 27, '5', '', '2023-11-28'),
(2432, 241, 27, '5', '', '2023-11-28'),
(2433, 248, 12, '5', '90', '2023-12-06'),
(2434, 248, 15, '', '90', '2023-11-28'),
(2435, 248, 28, '3', '90', '2024-01-24'),
(2436, 243, 27, '5', '', '2023-11-28'),
(2437, 243, 3, '5', '', '2023-11-28'),
(2438, 241, 3, '5', '', '2023-11-30'),
(2439, 236, 3, '4', '', '2023-11-28'),
(2440, 227, 14, '5', '', '2023-11-28'),
(2441, 236, 8, '5', '', '2023-11-28'),
(2442, 243, 8, '5', '', '2023-11-28'),
(2443, 236, 26, '4', '', '2023-11-28'),
(2444, 249, 34, '3', '6', '2024-01-19'),
(2445, 249, 37, '', '6', '2023-11-28'),
(2446, 249, 43, '', '9', '2023-11-28'),
(2447, 249, 149, '', '9', '2023-11-28'),
(2448, 249, 46, '', '90', '2023-11-28'),
(2449, 186, 36, '3', '', '2023-11-28'),
(2450, 250, 31, '', '3', '2023-11-29'),
(2451, 250, 41, '', '4', '2023-11-29'),
(2452, 250, 172, '3', '6', '2024-01-17'),
(2453, 250, 39, '', '3', '2023-11-29'),
(2454, 177, 40, '3', '', '2023-11-29'),
(2455, 16, 172, '5', '', '2023-11-29'),
(2456, 34, 172, '5', '', '2023-11-29'),
(2457, 86, 172, '5', '', '2023-11-29'),
(2458, 205, 172, '3', '', '2023-11-29'),
(2459, 250, 34, '', '20', '2023-11-29'),
(2460, 250, 37, '', '35', '2023-11-29'),
(2461, 250, 149, '', '12', '2023-11-29'),
(2462, 250, 45, '', '20', '2023-11-29'),
(2463, 205, 40, '3', '', '2023-11-29'),
(2464, 250, 47, '', '30', '2023-11-29'),
(2465, 250, 49, '', '90', '2023-11-29'),
(2466, 250, 46, '', '90', '2023-11-29'),
(2467, 250, 43, '', '90', '2023-11-29'),
(2468, 236, 11, '4', '', '2023-11-29'),
(2469, 243, 18, '5', '', '2023-11-29'),
(2470, 241, 21, '5', '', '2023-11-29'),
(2471, 248, 21, '5', '', '2023-12-02'),
(2472, 251, 8, '5', '8', '2023-12-11'),
(2473, 241, 2, '4', '', '2023-11-29'),
(2474, 227, 3, '3', '', '2023-11-29'),
(2475, 176, 24, '3', '', '2023-11-29'),
(2476, 193, 10, '4', '', '2023-11-29'),
(2477, 146, 15, '4', '', '2023-11-29'),
(2478, 155, 19, '3', '', '2023-11-29'),
(2479, 123, 28, '3', '', '2023-12-27'),
(2480, 236, 16, '3', '', '2023-11-29'),
(2481, 146, 19, '3', '', '2023-11-29'),
(2482, 185, 16, '3', '', '2023-11-29'),
(2483, 150, 15, '4', '', '2023-11-29'),
(2484, 251, 28, '', '90', '2023-11-29'),
(2485, 251, 20, '', '90', '2023-11-29'),
(2486, 251, 174, '', '90', '2023-11-29'),
(2487, 241, 8, '5', '', '2023-11-29'),
(2488, 236, 23, '3', '', '2023-11-30'),
(2489, 241, 11, '5', '', '2023-11-30'),
(2490, 236, 17, '3', '', '2023-11-30'),
(2491, 241, 12, '5', '', '2023-11-30'),
(2492, 241, 22, '5', '', '2023-11-30'),
(2493, 243, 22, '5', '', '2023-11-30'),
(2494, 253, 25, '', '45', '2023-11-30'),
(2495, 253, 9, '', '90', '2023-11-30'),
(2496, 253, 28, '', '90', '2023-11-30'),
(2497, 253, 20, '', '90', '2023-11-30'),
(2498, 241, 7, '4', '', '2023-11-30'),
(2499, 155, 15, '4', '', '2023-11-30'),
(2500, 169, 15, '4', '', '2023-11-30'),
(2501, 194, 43, '3', '', '2023-11-30'),
(2502, 254, 49, '', '90', '2023-11-30'),
(2503, 254, 31, '', '90', '2023-11-30'),
(2504, 186, 39, '3', '', '2023-11-30'),
(2505, 194, 36, '3', '', '2023-11-30'),
(2506, 237, 172, '3', '', '2023-11-30'),
(2507, 124, 47, '3', '', '2023-11-30'),
(2508, 242, 172, '3', '', '2023-11-30'),
(2509, 186, 34, '3', '', '2023-11-30'),
(2510, 255, 118, '', '14', '2023-12-01'),
(2512, 255, 150, '', '90', '2023-12-01'),
(2513, 255, 125, '', '90', '2023-12-01'),
(2514, 255, 127, '', '90', '2023-12-01'),
(2515, 255, 129, '', '90', '2023-12-01'),
(2516, 255, 130, '', '90', '2023-12-01'),
(2517, 255, 137, '', '90', '2023-12-01'),
(2518, 255, 146, '', '20', '2023-12-01'),
(2519, 247, 150, '', '23', '2023-12-01'),
(2520, 111, 141, '3', '', '2023-12-01'),
(2521, 202, 124, '3', '', '2023-12-01'),
(2522, 247, 131, '5', '', '2023-12-02'),
(2523, 256, 131, '5', '', '2023-12-02'),
(2524, 20, 150, '', '', '2023-12-02'),
(2525, 20, 126, '', '', '2023-12-02'),
(2526, 20, 146, '2', '', '2023-12-02'),
(2527, 88, 119, '', '', '2023-12-02'),
(2528, 88, 120, '', '', '2023-12-02'),
(2529, 88, 150, '2', '', '2023-12-02'),
(2530, 88, 125, '', '', '2023-12-02'),
(2531, 88, 127, '', '', '2023-12-02'),
(2532, 88, 129, '', '', '2023-12-02'),
(2533, 256, 141, '3', '11', '2023-12-20'),
(2534, 256, 126, '', '2', '2023-12-02'),
(2535, 256, 146, '', '13', '2023-12-02'),
(2536, 256, 134, '3', '13', '2024-01-12'),
(2537, 256, 128, '', '17', '2023-12-02'),
(2538, 256, 120, '', '17', '2023-12-02'),
(2539, 256, 124, '', '17', '2023-12-02'),
(2540, 125, 144, '3', '', '2023-12-02'),
(2541, 256, 118, '', '90', '2023-12-02'),
(2542, 256, 119, '', '90', '2023-12-02'),
(2543, 256, 143, '5', '90', '2023-12-06'),
(2544, 256, 129, '', '90', '2023-12-02'),
(2545, 256, 130, '', '90', '2023-12-02'),
(2546, 256, 133, '', '90', '2023-12-02'),
(2547, 256, 136, '', '90', '2023-12-02'),
(2548, 256, 138, '', '90', '2023-12-02'),
(2549, 155, 26, '4', '', '2023-12-02'),
(2550, 248, 27, '5', '', '2023-12-02'),
(2551, 241, 17, '4', '', '2023-12-02'),
(2552, 257, 7, '', '23', '2023-12-02'),
(2553, 257, 8, '5', '18', '2023-12-11'),
(2554, 257, 16, '3', '5', '2023-12-27'),
(2555, 248, 22, '5', '', '2023-12-02'),
(2556, 257, 2, '3', '64', '2023-12-22'),
(2557, 257, 6, '', '45', '2023-12-02'),
(2558, 257, 9, '', '45', '2023-12-02'),
(2559, 257, 12, '4', '90', '2023-12-27'),
(2560, 257, 14, '3', '90', '2023-12-27'),
(2561, 257, 15, '', '90', '2023-12-02'),
(2562, 257, 28, '3', '90', '2024-01-24'),
(2563, 257, 174, '', '90', '2023-12-02'),
(2564, 257, 23, '3', '90', '2023-12-27'),
(2565, 257, 24, '', '90', '2023-12-02'),
(2566, 243, 11, '5', '', '2023-12-02'),
(2567, 243, 2, '4', '', '2023-12-02'),
(2568, 258, 39, '', '2', '2023-12-02'),
(2569, 205, 36, '3', '', '2023-12-02'),
(2570, 258, 41, '', '6', '2023-12-02'),
(2571, 258, 47, '', '6', '2023-12-02'),
(2572, 258, 42, '', '9', '2023-12-02'),
(2573, 258, 34, '', '16', '2023-12-02'),
(2574, 258, 43, '', '16', '2023-12-02'),
(2575, 258, 49, '', '90', '2023-12-02'),
(2576, 258, 48, '', '90', '2023-12-02'),
(2577, 258, 46, '', '90', '2023-12-02'),
(2578, 258, 45, '', '21', '2023-12-02'),
(2579, 258, 149, '', '27', '2023-12-02'),
(2580, 258, 37, '', '27', '2023-12-02'),
(2581, 258, 32, '', '23', '2023-12-02'),
(2582, 148, 37, '3', '', '2023-12-02'),
(2583, 194, 39, '3', '', '2023-12-02'),
(2584, 266, 174, '', '3', '2023-12-06'),
(2585, 266, 20, '', '5', '2023-12-06'),
(2586, 266, 26, '3', '90', '2024-01-19'),
(2587, 243, 7, '4', '', '2023-12-06'),
(2588, 248, 8, '5', '', '2023-12-06'),
(2589, 257, 27, '5', '', '2023-12-06'),
(2590, 248, 2, '3', '', '2023-12-06'),
(2591, 251, 21, '5', '', '2023-12-06'),
(2592, 266, 6, '', '5', '2023-12-06'),
(2593, 266, 7, '3', '17', '2024-01-19'),
(2594, 266, 25, '4', '7', '2024-01-26'),
(2595, 266, 9, '', '90', '2023-12-06'),
(2596, 266, 10, '3', '20', '2024-01-15'),
(2597, 266, 11, '4', '10', '2024-01-15'),
(2598, 266, 14, '4', '23', '2023-12-27'),
(2599, 266, 16, '3', '18', '2024-01-15'),
(2600, 266, 28, '4', '90', '2024-01-24'),
(2601, 266, 19, '', '90', '2023-12-06'),
(2602, 266, 21, '5', '10', '2023-12-12'),
(2603, 266, 24, '', '7', '2023-12-06'),
(2604, 248, 18, '5', '', '2023-12-06'),
(2605, 267, 43, '', '90', '2023-12-06'),
(2606, 267, 46, '', '14', '2023-12-06'),
(2607, 267, 31, '', '90', '2023-12-06'),
(2608, 267, 32, '', '90', '2023-12-06'),
(2609, 267, 37, '', '90', '2023-12-06'),
(2610, 267, 149, '', '45', '2023-12-06'),
(2611, 267, 45, '', '90', '2023-12-06'),
(2612, 267, 48, '', '90', '2023-12-06'),
(2613, 267, 49, '', '90', '2023-12-06'),
(2614, 237, 34, '3', '', '2023-12-06'),
(2615, 259, 131, '5', '', '2023-12-06'),
(2616, 259, 143, '4', '', '2023-12-06'),
(2617, 176, 10, '3', '', '2023-12-06'),
(2618, 222, 14, '3', '', '2023-12-06'),
(2619, 236, 14, '3', '', '2023-12-06'),
(2620, 241, 23, '3', '', '2023-12-06'),
(2621, 241, 14, '4', '', '2023-12-06'),
(2622, 243, 23, '4', '', '2023-12-06'),
(2623, 243, 16, '3', '', '2023-12-06'),
(2624, 243, 17, '3', '', '2023-12-06'),
(2625, 248, 3, '4', '', '2023-12-06'),
(2626, 113, 39, '3', '', '2023-12-06'),
(2627, 221, 34, '4', '', '2023-12-06'),
(2628, 268, 25, '', '', '2023-12-07'),
(2629, 268, 8, '5', '90', '2023-12-20'),
(2630, 268, 9, '', '10', '2023-12-07'),
(2631, 268, 12, '5', '90', '2023-12-22'),
(2632, 268, 26, '3', '90', '2024-01-31'),
(2633, 268, 16, '4', '90', '2024-01-15'),
(2634, 268, 19, '', '90', '2023-12-07'),
(2635, 268, 24, '', '90', '2023-12-07'),
(2636, 248, 17, '3', '', '2023-12-07'),
(2637, 269, 31, '', '90', '2023-12-07'),
(2638, 269, 37, '', '20', '2023-12-07'),
(2639, 194, 172, '3', '', '2023-12-07'),
(2640, 274, 52, '5', '20', '2023-12-15'),
(2641, 274, 53, '5', '13', '2023-12-15'),
(2642, 274, 55, '5', '20', '2023-12-15'),
(2643, 274, 66, '5', '40', '2023-12-13'),
(2644, 274, 60, '', '90', '2023-12-07'),
(2645, 275, 60, '', '90', '2023-12-07'),
(2646, 276, 60, '', '90', '2023-12-07'),
(2647, 277, 72, '', '90', '2023-12-07'),
(2648, 278, 72, '', '90', '2023-12-07'),
(2649, 279, 72, '', '90', '2023-12-07'),
(2650, 277, 175, '5', '45', '2023-12-13'),
(2651, 277, 83, '5', '90', '2023-12-13'),
(2652, 277, 84, '5', '10', '2023-12-13'),
(2653, 278, 84, '5', '90', '2023-12-13'),
(2654, 279, 84, '5', '90', '2023-12-13'),
(2655, 160, 108, '3', '', '2023-12-08'),
(2656, 192, 108, '3', '', '2023-12-08');
INSERT INTO `Evaluation` (`Id`, `IdWork`, `IdStudent`, `Value`, `Lateness`, `DateUpdate`) VALUES
(2657, 280, 53, '', '7', '2023-12-08'),
(2658, 280, 151, '', '', '2023-12-08'),
(2659, 280, 64, '', '90', '2023-12-08'),
(2660, 280, 65, '', '90', '2023-12-08'),
(2661, 280, 66, '', '29', '2023-12-08'),
(2662, 283, 68, '5', '', '2023-12-14'),
(2663, 282, 68, '', '', '2023-12-08'),
(2664, 282, 72, '', '90', '2023-12-08'),
(2665, 282, 74, '', '60', '2023-12-08'),
(2666, 282, 175, '', '18', '2023-12-08'),
(2667, 282, 69, '', '', '2023-12-08'),
(2668, 282, 77, '', '90', '2023-12-08'),
(2669, 282, 79, '', '90', '2023-12-08'),
(2670, 282, 81, '', '90', '2023-12-08'),
(2671, 282, 83, '', '', '2023-12-08'),
(2672, 282, 85, '', '90', '2023-12-08'),
(2673, 282, 89, '', '90', '2023-12-08'),
(2674, 283, 72, '', '90', '2023-12-08'),
(2675, 283, 77, '3', '90', '2023-12-28'),
(2676, 283, 79, '5', '90', '2023-12-13'),
(2677, 283, 81, '', '90', '2023-12-08'),
(2678, 283, 85, '5', '90', '2023-12-14'),
(2679, 283, 89, '5', '90', '2023-12-13'),
(2680, 281, 64, '', '90', '2023-12-14'),
(2681, 281, 65, '5', '90', '2023-12-13'),
(2682, 260, 21, '5', '', '2023-12-11'),
(2683, 257, 22, '5', '', '2023-12-11'),
(2684, 257, 21, '5', '', '2023-12-11'),
(2685, 257, 18, '5', '', '2023-12-11'),
(2686, 251, 22, '5', '', '2023-12-11'),
(2687, 248, 23, '4', '', '2023-12-11'),
(2688, 227, 15, '4', '', '2023-12-11'),
(2689, 222, 15, '3', '', '2023-12-11'),
(2690, 206, 7, '4', '', '2023-12-11'),
(2691, 193, 7, '4', '', '2023-12-11'),
(2692, 185, 7, '4', '', '2023-12-11'),
(2693, 176, 26, '3', '', '2023-12-11'),
(2694, 169, 26, '4', '', '2023-12-11'),
(2695, 150, 3, '4', '', '2023-12-11'),
(2696, 244, 34, '', '', '2023-12-11'),
(2697, 242, 34, '4', '', '2023-12-11'),
(2698, 4, 176, '4', '', '2023-12-12'),
(2699, 10, 176, '5', '', '2023-12-12'),
(2700, 19, 176, '3', '', '2023-12-12'),
(2701, 35, 176, '4', '', '2023-12-12'),
(2702, 67, 176, '', '23', '2023-12-12'),
(2703, 87, 176, '5', '', '2023-12-12'),
(2704, 110, 176, '3', '', '2023-12-12'),
(2705, 116, 176, '5', '', '2023-12-12'),
(2706, 127, 176, '4', '', '2023-12-12'),
(2707, 234, 109, '5', '', '2023-12-12'),
(2708, 142, 176, '4', '90', '2023-12-12'),
(2709, 160, 176, '4', '', '2023-12-12'),
(2710, 166, 176, '3', '2', '2023-12-12'),
(2711, 212, 176, '3', '', '2023-12-12'),
(2712, 286, 113, '', '33', '2023-12-12'),
(2713, 286, 148, '', '90', '2023-12-12'),
(2714, 286, 176, '', '9', '2023-12-12'),
(2715, 286, 97, '', '90', '2023-12-12'),
(2716, 286, 173, '', '90', '2023-12-12'),
(2717, 286, 115, '', '14', '2023-12-12'),
(2718, 286, 100, '', '30', '2023-12-12'),
(2719, 286, 103, '', '90', '2023-12-12'),
(2720, 286, 105, '', '90', '2023-12-12'),
(2721, 234, 113, '', '', '2023-12-12'),
(2722, 234, 148, '', '', '2023-12-12'),
(2723, 110, 113, '3', '', '2023-12-12'),
(2724, 166, 104, '4', '', '2023-12-12'),
(2725, 87, 113, '3', '', '2023-12-12'),
(2726, 237, 39, '3', '', '2023-12-12'),
(2727, 273, 43, '', '90', '2023-12-12'),
(2728, 273, 47, '', '18', '2023-12-12'),
(2729, 273, 37, '', '28', '2023-12-12'),
(2730, 229, 40, '3', '', '2023-12-12'),
(2731, 119, 172, '3', '', '2023-12-12'),
(2732, 141, 172, '4', '', '2023-12-12'),
(2733, 152, 172, '4', '', '2023-12-12'),
(2734, 168, 172, '4', '', '2023-12-12'),
(2735, 273, 34, '', '28', '2023-12-12'),
(2736, 273, 42, '', '90', '2023-12-12'),
(2737, 273, 45, '', '15', '2023-12-12'),
(2738, 273, 46, '', '10', '2023-12-12'),
(2739, 273, 49, '', '2', '2023-12-12'),
(2740, 186, 47, '3', '', '2023-12-12'),
(2741, 221, 36, '3', '', '2023-12-12'),
(2742, 271, 25, '', '90', '2023-12-12'),
(2743, 271, 8, '5', '90', '2023-12-27'),
(2744, 257, 3, '3', '', '2023-12-12'),
(2745, 266, 27, '5', '', '2023-12-12'),
(2746, 251, 2, '3', '', '2023-12-12'),
(2747, 193, 15, '3', '', '2023-12-12'),
(2748, 206, 15, '4', '', '2023-12-12'),
(2749, 251, 12, '4', '', '2023-12-12'),
(2750, 236, 10, '4', '', '2023-12-12'),
(2751, 271, 24, '', '90', '2023-12-12'),
(2752, 251, 3, '3', '', '2023-12-12'),
(2753, 251, 17, '3', '', '2023-12-12'),
(2754, 260, 22, '5', '', '2023-12-12'),
(2755, 241, 10, '3', '', '2023-12-13'),
(2756, 281, 57, '5', '', '2023-12-13'),
(2757, 294, 57, '5', '', '2023-12-13'),
(2758, 281, 56, '5', '', '2023-12-13'),
(2759, 281, 51, '5', '', '2023-12-13'),
(2760, 281, 53, '5', '', '2023-12-13'),
(2761, 281, 55, '5', '', '2023-12-13'),
(2762, 281, 50, '3', '', '2023-12-13'),
(2763, 281, 66, '3', '', '2023-12-13'),
(2764, 281, 67, '5', '', '2023-12-13'),
(2765, 274, 57, '5', '', '2023-12-13'),
(2766, 275, 57, '5', '', '2023-12-13'),
(2767, 276, 57, '5', '', '2023-12-13'),
(2768, 274, 51, '5', '', '2023-12-13'),
(2769, 274, 56, '5', '', '2023-12-13'),
(2770, 275, 56, '5', '', '2023-12-13'),
(2771, 276, 56, '5', '', '2023-12-13'),
(2772, 274, 67, '5', '', '2023-12-13'),
(2773, 275, 66, '5', '', '2023-12-13'),
(2774, 276, 66, '5', '', '2023-12-13'),
(2775, 274, 61, '5', '', '2023-12-13'),
(2776, 275, 61, '5', '', '2023-12-13'),
(2777, 276, 61, '5', '', '2023-12-13'),
(2778, 274, 63, '5', '', '2023-12-13'),
(2779, 275, 63, '5', '', '2023-12-13'),
(2780, 276, 63, '5', '', '2023-12-13'),
(2781, 274, 50, '5', '', '2023-12-13'),
(2782, 277, 88, '5', '', '2023-12-13'),
(2783, 277, 74, '5', '', '2023-12-13'),
(2784, 278, 175, '5', '', '2023-12-13'),
(2785, 279, 175, '5', '', '2023-12-13'),
(2786, 277, 79, '5', '', '2023-12-13'),
(2787, 277, 85, '5', '', '2023-12-13'),
(2788, 277, 69, '5', '', '2023-12-13'),
(2789, 278, 69, '5', '', '2023-12-13'),
(2790, 279, 69, '5', '', '2023-12-13'),
(2791, 278, 83, '5', '', '2023-12-13'),
(2792, 279, 83, '5', '', '2023-12-13'),
(2793, 277, 76, '5', '', '2023-12-13'),
(2794, 277, 68, '5', '', '2023-12-13'),
(2795, 278, 68, '5', '', '2023-12-13'),
(2796, 279, 68, '5', '', '2023-12-13'),
(2797, 277, 89, '5', '', '2023-12-13'),
(2798, 278, 89, '5', '', '2023-12-13'),
(2799, 279, 89, '5', '', '2023-12-13'),
(2800, 278, 88, '5', '', '2023-12-13'),
(2801, 278, 74, '5', '', '2023-12-13'),
(2802, 278, 85, '5', '', '2023-12-13'),
(2803, 275, 51, '5', '', '2023-12-13'),
(2804, 275, 67, '5', '', '2023-12-13'),
(2805, 278, 76, '5', '', '2023-12-13'),
(2806, 275, 50, '5', '', '2023-12-13'),
(2807, 278, 86, '5', '', '2023-12-13'),
(2808, 279, 88, '5', '', '2023-12-13'),
(2809, 279, 76, '5', '', '2023-12-13'),
(2810, 279, 85, '5', '', '2023-12-13'),
(2811, 276, 51, '5', '', '2023-12-13'),
(2812, 276, 67, '5', '', '2023-12-13'),
(2813, 279, 74, '5', '', '2023-12-13'),
(2814, 276, 50, '5', '', '2023-12-13'),
(2815, 279, 86, '5', '', '2023-12-13'),
(2816, 277, 86, '5', '', '2023-12-13'),
(2817, 277, 73, '5', '', '2023-12-13'),
(2818, 278, 73, '5', '', '2023-12-13'),
(2819, 279, 73, '5', '', '2023-12-13'),
(2820, 283, 71, '5', '', '2023-12-13'),
(2821, 283, 69, '5', '', '2023-12-13'),
(2822, 283, 76, '5', '', '2023-12-13'),
(2823, 283, 83, '5', '', '2023-12-13'),
(2824, 283, 84, '3', '', '2023-12-15'),
(2825, 283, 70, '4', '', '2023-12-13'),
(2826, 294, 51, '5', '', '2023-12-14'),
(2827, 295, 51, '5', '', '2023-12-14'),
(2828, 294, 67, '5', '', '2023-12-14'),
(2829, 294, 66, '3', '', '2023-12-14'),
(2830, 281, 61, '5', '', '2023-12-14'),
(2831, 294, 65, '5', '', '2023-12-14'),
(2832, 283, 74, '5', '', '2023-12-14'),
(2833, 295, 57, '5', '', '2023-12-14'),
(2834, 298, 83, '5', '', '2023-12-14'),
(2835, 294, 53, '5', '', '2023-12-14'),
(2836, 284, 79, '5', '', '2023-12-14'),
(2837, 295, 66, '3', '', '2023-12-14'),
(2838, 283, 73, '5', '', '2023-12-14'),
(2839, 284, 85, '5', '', '2023-12-14'),
(2840, 284, 76, '5', '', '2023-12-14'),
(2841, 284, 80, '5', '', '2023-12-14'),
(2842, 284, 89, '5', '', '2023-12-14'),
(2843, 295, 53, '5', '9', '2023-12-20'),
(2844, 295, 151, '', '90', '2023-12-14'),
(2845, 295, 58, '4', '90', '2023-12-28'),
(2846, 295, 60, '', '40', '2023-12-14'),
(2847, 295, 64, '', '19', '2023-12-14'),
(2848, 295, 65, '5', '', '2023-12-14'),
(2849, 283, 87, '5', '', '2023-12-14'),
(2850, 296, 57, '5', '', '2023-12-14'),
(2851, 283, 88, '5', '', '2023-12-14'),
(2852, 295, 59, '4', '', '2023-12-14'),
(2853, 294, 61, '5', '', '2023-12-14'),
(2854, 284, 83, '5', '', '2023-12-14'),
(2855, 296, 51, '5', '', '2023-12-14'),
(2856, 296, 66, '3', '', '2023-12-14'),
(2857, 298, 85, '5', '', '2023-12-14'),
(2858, 294, 50, '3', '', '2023-12-14'),
(2859, 294, 56, '5', '', '2023-12-14'),
(2860, 281, 54, '4', '', '2023-12-14'),
(2861, 295, 56, '5', '', '2023-12-14'),
(2862, 298, 72, '', '90', '2023-12-14'),
(2863, 299, 72, '', '90', '2023-12-14'),
(2864, 300, 72, '', '15', '2023-12-14'),
(2865, 298, 71, '5', '', '2023-12-14'),
(2866, 299, 71, '5', '', '2023-12-14'),
(2867, 300, 70, '', '15', '2023-12-14'),
(2868, 300, 74, '', '15', '2023-12-14'),
(2869, 298, 77, '3', '90', '2023-12-21'),
(2870, 299, 77, '3', '90', '2024-01-25'),
(2871, 300, 77, '', '90', '2023-12-14'),
(2872, 300, 79, '', '15', '2023-12-14'),
(2873, 298, 81, '', '45', '2023-12-14'),
(2874, 298, 84, '5', '90', '2023-12-15'),
(2875, 299, 84, '5', '90', '2023-12-15'),
(2876, 300, 84, '', '90', '2023-12-14'),
(2877, 296, 151, '', '90', '2023-12-14'),
(2878, 297, 151, '', '90', '2023-12-14'),
(2879, 296, 58, '3', '90', '2023-12-28'),
(2880, 297, 58, '', '90', '2023-12-14'),
(2881, 294, 52, '5', '', '2023-12-14'),
(2882, 284, 73, '5', '', '2023-12-14'),
(2883, 299, 89, '3', '', '2023-12-14'),
(2884, 298, 76, '5', '', '2023-12-14'),
(2885, 298, 88, '3', '', '2023-12-14'),
(2886, 284, 88, '3', '', '2023-12-14'),
(2887, 294, 64, '', '', '2023-12-14'),
(2888, 294, 63, '5', '', '2023-12-14'),
(2889, 295, 63, '5', '', '2023-12-14'),
(2890, 281, 63, '5', '', '2023-12-14'),
(2891, 295, 61, '5', '', '2023-12-14'),
(2892, 296, 56, '5', '', '2023-12-14'),
(2893, 295, 67, '5', '', '2023-12-14'),
(2894, 284, 71, '5', '', '2023-12-14'),
(2895, 296, 65, '5', '', '2023-12-14'),
(2896, 299, 85, '5', '', '2023-12-14'),
(2897, 281, 52, '5', '', '2023-12-15'),
(2898, 251, 18, '4', '', '2023-12-15'),
(2899, 260, 18, '4', '', '2023-12-15'),
(2900, 251, 27, '4', '', '2023-12-15'),
(2901, 260, 27, '4', '', '2023-12-15'),
(2902, 268, 18, '5', '', '2023-12-15'),
(2903, 284, 84, '4', '', '2023-12-15'),
(2904, 268, 27, '5', '', '2023-12-15'),
(2905, 266, 18, '5', '', '2023-12-15'),
(2906, 301, 65, '', '5', '2023-12-15'),
(2907, 303, 85, '', '5', '2023-12-15'),
(2908, 301, 58, '', '8', '2023-12-15'),
(2909, 301, 151, '', '10', '2023-12-15'),
(2910, 301, 59, '', '90', '2023-12-15'),
(2911, 301, 61, '', '', '2023-12-15'),
(2912, 303, 68, '', '90', '2023-12-15'),
(2913, 303, 70, '', '90', '2023-12-15'),
(2914, 303, 72, '', '90', '2023-12-15'),
(2915, 303, 79, '', '', '2023-12-15'),
(2916, 303, 77, '', '', '2023-12-15'),
(2917, 303, 81, '', '90', '2023-12-15'),
(2918, 303, 84, '', '90', '2023-12-15'),
(2919, 303, 86, '', '90', '2023-12-15'),
(2920, 303, 89, '', '90', '2023-12-15'),
(2921, 274, 65, '4', '', '2023-12-15'),
(2922, 275, 65, '4', '', '2023-12-15'),
(2923, 276, 65, '4', '', '2023-12-15'),
(2924, 277, 71, '5', '', '2023-12-15'),
(2925, 278, 71, '5', '', '2023-12-15'),
(2926, 279, 71, '5', '', '2023-12-15'),
(2927, 277, 70, '5', '', '2023-12-15'),
(2928, 278, 70, '4', '', '2023-12-15'),
(2929, 278, 79, '4', '', '2023-12-15'),
(2930, 275, 52, '5', '', '2023-12-15'),
(2931, 275, 53, '5', '', '2023-12-15'),
(2932, 275, 55, '5', '', '2023-12-15'),
(2933, 278, 87, '4', '', '2023-12-15'),
(2934, 277, 87, '', '', '2023-12-15'),
(2935, 279, 70, '5', '', '2023-12-15'),
(2936, 279, 79, '5', '', '2023-12-15'),
(2937, 276, 52, '5', '', '2023-12-15'),
(2938, 283, 175, '5', '', '2023-12-15'),
(2939, 276, 53, '5', '', '2023-12-15'),
(2940, 276, 55, '5', '', '2023-12-15'),
(2941, 279, 87, '4', '', '2023-12-15'),
(2942, 289, 176, '', '1', '2023-12-16'),
(2943, 289, 111, '4', '1', '2023-12-16'),
(2944, 289, 107, '3', '2', '2023-12-16'),
(2945, 289, 109, '5', '', '2023-12-16'),
(2946, 289, 112, '3', '4', '2023-12-23'),
(2947, 289, 104, '', '18', '2023-12-16'),
(2948, 234, 94, '5', '', '2023-12-16'),
(2949, 289, 90, '', '11', '2023-12-16'),
(2950, 215, 115, '3', '', '2023-12-16'),
(2951, 289, 101, '4', '13', '2024-01-12'),
(2952, 289, 93, '', '15', '2023-12-16'),
(2953, 201, 102, '3', '', '2023-12-16'),
(2954, 289, 92, '3', '20', '2024-01-24'),
(2955, 215, 102, '3', '', '2023-12-16'),
(2956, 201, 97, '3', '', '2023-12-16'),
(2957, 289, 148, '', '90', '2023-12-16'),
(2958, 289, 173, '', '90', '2023-12-16'),
(2959, 289, 100, '', '90', '2023-12-16'),
(2960, 289, 103, '', '90', '2023-12-16'),
(2961, 289, 105, '', '90', '2023-12-16'),
(2962, 289, 116, '', '90', '2023-12-16'),
(2963, 289, 108, '', '90', '2023-12-16'),
(2964, 289, 110, '', '90', '2023-12-16'),
(2965, 234, 96, '5', '', '2023-12-16'),
(2966, 160, 104, '4', '', '2023-12-16'),
(2967, 180, 104, '4', '', '2023-12-16'),
(2968, 266, 3, '4', '', '2023-12-20'),
(2969, 112, 22, '4', '', '2023-12-20'),
(2970, 266, 22, '5', '', '2023-12-20'),
(2971, 268, 22, '5', '', '2023-12-20'),
(2972, 271, 22, '5', '', '2023-12-20'),
(2973, 271, 21, '3', '', '2023-12-20'),
(2974, 247, 141, '3', '', '2023-12-20'),
(2975, 153, 132, '3', '', '2023-12-20'),
(2976, 231, 132, '3', '', '2023-12-20'),
(2977, 247, 132, '3', '', '2023-12-20'),
(2978, 256, 132, '3', '', '2023-12-20'),
(2979, 259, 132, '3', '', '2023-12-20'),
(2980, 260, 8, '5', '', '2023-12-20'),
(2981, 266, 8, '5', '', '2023-12-20'),
(2982, 259, 141, '3', '', '2023-12-20'),
(2983, 271, 27, '5', '', '2023-12-20'),
(2984, 268, 21, '4', '', '2023-12-20'),
(2985, 112, 6, '4', '', '2023-12-20'),
(2986, 307, 84, '3', '90', '2023-12-22'),
(2987, 307, 88, '', '90', '2023-12-20'),
(2988, 299, 79, '5', '', '2023-12-20'),
(2989, 298, 79, '5', '', '2023-12-20'),
(2990, 284, 175, '5', '', '2023-12-20'),
(2991, 284, 69, '5', '', '2023-12-20'),
(2992, 308, 151, '', '90', '2023-12-20'),
(2993, 308, 58, '4', '90', '2023-12-22'),
(2994, 308, 59, '4', '90', '2023-12-22'),
(2995, 295, 50, '3', '', '2023-12-20'),
(2996, 296, 50, '3', '', '2023-12-20'),
(2997, 296, 67, '5', '', '2023-12-20'),
(2998, 296, 61, '4', '', '2024-01-25'),
(2999, 296, 53, '5', '', '2023-12-20'),
(3000, 284, 74, '5', '', '2023-12-20'),
(3001, 284, 87, '5', '', '2023-12-20'),
(3002, 290, 111, '5', '', '2023-12-20'),
(3003, 290, 109, '5', '', '2023-12-20'),
(3004, 299, 83, '5', '', '2023-12-21'),
(3005, 312, 83, '5', '', '2023-12-21'),
(3006, 313, 83, '5', '', '2023-12-21'),
(3007, 312, 69, '5', '25', '2023-12-28'),
(3008, 308, 50, '2', '', '2023-12-21'),
(3009, 307, 68, '3', '', '2023-12-22'),
(3010, 307, 69, '3', '', '2023-12-21'),
(3011, 308, 51, '4', '', '2023-12-21'),
(3012, 308, 52, '4', '', '2023-12-21'),
(3013, 307, 70, '3', '', '2023-12-21'),
(3014, 307, 71, '4', '', '2023-12-21'),
(3015, 307, 72, '3', '', '2023-12-22'),
(3016, 308, 53, '3', '', '2023-12-21'),
(3017, 308, 54, '2', '', '2023-12-21'),
(3018, 307, 73, '4', '', '2024-01-25'),
(3019, 307, 74, '3', '', '2023-12-22'),
(3020, 307, 175, '3', '', '2023-12-21'),
(3021, 308, 55, '3', '', '2023-12-21'),
(3022, 307, 76, '4', '', '2023-12-21'),
(3023, 307, 77, '3', '', '2023-12-21'),
(3024, 308, 56, '3', '', '2023-12-22'),
(3025, 307, 79, '3', '', '2023-12-21'),
(3026, 307, 80, '3', '', '2023-12-22'),
(3027, 307, 81, '4', '', '2023-12-21'),
(3028, 308, 57, '5', '', '2023-12-21'),
(3029, 307, 83, '4', '', '2023-12-21'),
(3030, 307, 85, '5', '', '2024-01-25'),
(3031, 308, 60, '3', '', '2023-12-21'),
(3032, 308, 61, '4', '', '2023-12-21'),
(3033, 308, 63, '5', '', '2023-12-21'),
(3034, 308, 64, '2', '', '2023-12-21'),
(3035, 307, 87, '2', '', '2023-12-21'),
(3036, 308, 65, '4', '', '2023-12-21'),
(3037, 308, 66, '4', '', '2023-12-21'),
(3038, 308, 67, '5', '', '2023-12-21'),
(3039, 307, 89, '5', '', '2023-12-21'),
(3040, 312, 86, '', '27', '2023-12-21'),
(3041, 299, 74, '5', '', '2023-12-21'),
(3042, 312, 79, '5', '40', '2023-12-28'),
(3043, 284, 70, '4', '', '2023-12-21'),
(3044, 298, 69, '5', '', '2023-12-21'),
(3045, 299, 69, '5', '', '2023-12-21'),
(3046, 298, 175, '5', '', '2023-12-21'),
(3047, 312, 72, '', '44', '2023-12-21'),
(3048, 309, 151, '', '90', '2023-12-21'),
(3049, 309, 64, '', '90', '2023-12-21'),
(3050, 309, 51, '5', '', '2023-12-21'),
(3051, 294, 54, '3', '', '2023-12-21'),
(3052, 309, 50, '3', '', '2023-12-21'),
(3053, 296, 63, '5', '', '2023-12-21'),
(3054, 274, 58, '4', '', '2023-12-21'),
(3055, 275, 58, '4', '', '2023-12-21'),
(3056, 276, 58, '3', '', '2023-12-21'),
(3057, 281, 58, '4', '', '2023-12-21'),
(3058, 312, 85, '5', '', '2023-12-21'),
(3059, 299, 73, '5', '', '2023-12-21'),
(3060, 298, 73, '5', '', '2023-12-21'),
(3061, 284, 77, '3', '', '2023-12-21'),
(3062, 309, 66, '3', '', '2023-12-21'),
(3063, 310, 66, '3', '', '2023-12-21'),
(3064, 312, 89, '5', '', '2023-12-21'),
(3065, 283, 80, '4', '', '2023-12-21'),
(3066, 298, 80, '4', '', '2023-12-21'),
(3067, 298, 68, '4', '', '2023-12-21'),
(3068, 312, 81, '', '90', '2023-12-21'),
(3069, 312, 84, '5', '90', '2023-12-21'),
(3070, 312, 88, '4', '90', '2023-12-28'),
(3071, 313, 88, '3', '90', '2024-01-17'),
(3072, 313, 84, '5', '90', '2023-12-21'),
(3073, 313, 81, '', '90', '2023-12-21'),
(3074, 314, 81, '', '90', '2023-12-21'),
(3075, 314, 84, '', '90', '2023-12-21'),
(3076, 314, 88, '', '90', '2023-12-21'),
(3077, 299, 175, '5', '', '2023-12-21'),
(3078, 298, 74, '5', '', '2023-12-21'),
(3079, 310, 151, '', '90', '2023-12-21'),
(3080, 311, 151, '', '90', '2023-12-21'),
(3081, 306, 151, '', '90', '2023-12-22'),
(3082, 310, 64, '', '90', '2023-12-21'),
(3083, 311, 64, '', '90', '2023-12-21'),
(3084, 295, 55, '5', '', '2023-12-21'),
(3085, 294, 55, '5', '', '2023-12-21'),
(3086, 296, 55, '4', '', '2023-12-21'),
(3087, 309, 52, '5', '', '2024-01-17'),
(3088, 296, 52, '5', '', '2024-01-17'),
(3089, 295, 52, '5', '', '2023-12-21'),
(3090, 299, 76, '5', '', '2023-12-21'),
(3091, 310, 57, '5', '', '2023-12-21'),
(3092, 310, 56, '5', '', '2023-12-21'),
(3093, 309, 63, '5', '', '2023-12-21'),
(3094, 295, 54, '4', '', '2023-12-21'),
(3095, 296, 59, '3', '', '2023-12-21'),
(3096, 294, 58, '5', '', '2023-12-21'),
(3097, 313, 85, '5', '', '2023-12-21'),
(3098, 309, 55, '5', '', '2024-01-19'),
(3099, 298, 87, '5', '', '2023-12-21'),
(3100, 284, 68, '5', '', '2023-12-21'),
(3101, 312, 76, '5', '', '2023-12-21'),
(3102, 193, 26, '3', '', '2023-12-22'),
(3103, 227, 26, '3', '', '2023-12-22'),
(3104, 123, 19, '3', '', '2023-12-22'),
(3105, 169, 19, '3', '', '2023-12-22'),
(3106, 260, 12, '4', '', '2023-12-22'),
(3107, 266, 12, '4', '', '2023-12-22'),
(3108, 251, 7, '3', '', '2023-12-22'),
(3109, 123, 6, '4', '', '2023-12-22'),
(3110, 241, 6, '3', '', '2023-12-22'),
(3111, 266, 2, '3', '', '2023-12-22'),
(3112, 268, 2, '3', '', '2023-12-22'),
(3113, 307, 86, '3', '', '2023-12-22'),
(3114, 309, 53, '5', '', '2023-12-22'),
(3115, 291, 107, '', '5', '2023-12-22'),
(3116, 291, 97, '', '5', '2023-12-22'),
(3117, 291, 94, '', '10', '2023-12-22'),
(3118, 291, 112, '', '10', '2023-12-22'),
(3119, 291, 103, '', '14', '2023-12-22'),
(3120, 291, 104, '', '15', '2023-12-22'),
(3121, 293, 111, '3', '', '2023-12-22'),
(3122, 289, 117, '4', '', '2023-12-22'),
(3123, 166, 91, '3', '', '2023-12-22'),
(3124, 291, 90, '', '90', '2023-12-22'),
(3125, 291, 92, '', '15', '2023-12-22'),
(3126, 291, 176, '', '90', '2023-12-22'),
(3127, 291, 173, '', '90', '2023-12-22'),
(3128, 291, 115, '', '90', '2023-12-22'),
(3129, 291, 100, '', '90', '2023-12-22'),
(3130, 291, 105, '', '46', '2023-12-22'),
(3131, 291, 106, '', '90', '2023-12-22'),
(3132, 291, 116, '', '18', '2023-12-22'),
(3133, 291, 110, '', '90', '2023-12-22'),
(3134, 315, 68, '', '', '2023-12-22'),
(3135, 306, 50, '', '90', '2023-12-22'),
(3136, 306, 51, '', '90', '2023-12-22'),
(3137, 306, 54, '', '90', '2023-12-22'),
(3138, 306, 55, '', '90', '2023-12-22'),
(3139, 306, 57, '', '90', '2023-12-22'),
(3140, 306, 61, '', '90', '2023-12-22'),
(3141, 306, 66, '', '90', '2023-12-22'),
(3142, 315, 72, '', '', '2023-12-22'),
(3143, 315, 175, '', '15', '2023-12-22'),
(3144, 315, 79, '', '15', '2023-12-22'),
(3145, 315, 84, '', '90', '2023-12-22'),
(3146, 315, 85, '', '10', '2023-12-22'),
(3147, 315, 89, '', '12', '2023-12-22'),
(3148, 306, 59, '', '45', '2023-12-22'),
(3149, 306, 58, '', '90', '2023-12-22'),
(3150, 306, 60, '', '90', '2023-12-22'),
(3151, 306, 64, '', '90', '2023-12-22'),
(3152, 292, 176, '', '3', '2023-12-23'),
(3153, 292, 117, '', '5', '2023-12-23'),
(3154, 292, 108, '', '5', '2023-12-23'),
(3155, 292, 105, '', '6', '2023-12-23'),
(3156, 292, 116, '', '7', '2023-12-23'),
(3157, 292, 92, '', '15', '2023-12-23'),
(3158, 292, 112, '', '22', '2023-12-23'),
(3159, 192, 91, '3', '', '2023-12-23'),
(3160, 166, 116, '3', '', '2023-12-23'),
(3161, 215, 116, '3', '', '2023-12-23'),
(3162, 127, 100, '3', '', '2023-12-23'),
(3163, 180, 105, '3', '', '2023-12-23'),
(3164, 289, 94, '4', '', '2024-01-12'),
(3165, 293, 176, '', '3', '2023-12-26'),
(3166, 293, 96, '', '3', '2023-12-26'),
(3167, 293, 112, '4', '3', '2024-01-13'),
(3168, 293, 104, '', '4', '2023-12-26'),
(3169, 293, 101, '3', '4', '2024-01-13'),
(3170, 293, 99, '3', '4', '2024-01-18'),
(3171, 293, 92, '', '5', '2023-12-26'),
(3172, 251, 23, '3', '', '2023-12-27'),
(3173, 266, 17, '3', '', '2023-12-27'),
(3174, 153, 121, '3', '', '2023-12-27'),
(3175, 179, 121, '3', '', '2023-12-27'),
(3176, 271, 12, '4', '', '2023-12-27'),
(3177, 222, 28, '3', '', '2023-12-27'),
(3178, 185, 28, '3', '', '2023-12-27'),
(3179, 193, 28, '3', '', '2023-12-27'),
(3180, 266, 23, '4', '', '2023-12-27'),
(3181, 112, 8, '4', '', '2023-12-27'),
(3182, 271, 18, '4', '', '2023-12-27'),
(3183, 185, 3, '3', '', '2023-12-27'),
(3184, 260, 3, '4', '', '2023-12-27'),
(3185, 268, 3, '3', '', '2023-12-27'),
(3186, 248, 11, '4', '', '2023-12-27'),
(3187, 241, 13, '3', '', '2023-12-27'),
(3188, 243, 13, '3', '', '2023-12-27'),
(3189, 248, 16, '3', '', '2023-12-27'),
(3190, 260, 16, '4', '', '2023-12-27'),
(3191, 257, 17, '3', '', '2023-12-27'),
(3192, 268, 23, '4', '', '2023-12-27'),
(3193, 112, 14, '4', '', '2023-12-27'),
(3194, 243, 14, '4', '', '2023-12-27'),
(3195, 248, 14, '4', '', '2023-12-27'),
(3196, 251, 14, '3', '', '2023-12-27'),
(3197, 260, 14, '4', '', '2023-12-29'),
(3198, 268, 14, '3', '', '2023-12-27'),
(3199, 268, 17, '3', '', '2023-12-27'),
(3200, 290, 94, '4', '', '2023-12-28'),
(3201, 290, 96, '4', '', '2023-12-28'),
(3202, 290, 99, '4', '', '2023-12-28'),
(3203, 290, 112, '4', '', '2023-12-28'),
(3204, 290, 117, '4', '', '2023-12-28'),
(3205, 289, 99, '3', '', '2023-12-28'),
(3206, 180, 107, '3', '', '2023-12-28'),
(3207, 323, 58, '3', '15', '2024-01-24'),
(3208, 323, 52, '5', '90', '2024-01-17'),
(3209, 324, 52, '5', '90', '2024-01-17'),
(3210, 325, 52, '5', '90', '2024-01-17'),
(3211, 310, 51, '5', '', '2023-12-28'),
(3212, 310, 50, '3', '', '2023-12-28'),
(3213, 309, 56, '5', '', '2023-12-28'),
(3214, 323, 59, '', '28', '2023-12-28'),
(3215, 323, 65, '5', '28', '2024-01-18'),
(3216, 310, 63, '5', '', '2023-12-28'),
(3217, 309, 67, '5', '', '2023-12-28'),
(3218, 310, 67, '5', '', '2023-12-28'),
(3219, 309, 57, '5', '', '2023-12-28'),
(3220, 310, 61, '4', '', '2023-12-28'),
(3221, 310, 53, '5', '', '2023-12-28'),
(3222, 309, 61, '4', '', '2023-12-28'),
(3223, 323, 66, '3', '40', '2023-12-28'),
(3224, 313, 69, '5', '', '2023-12-28'),
(3225, 312, 71, '5', '', '2023-12-28'),
(3226, 313, 71, '5', '', '2023-12-28'),
(3227, 313, 89, '5', '', '2023-12-28'),
(3228, 313, 76, '5', '', '2023-12-28'),
(3229, 309, 59, '3', '', '2023-12-28'),
(3230, 298, 70, '3', '', '2023-12-28'),
(3231, 312, 74, '5', '', '2023-12-28'),
(3232, 313, 74, '5', '', '2023-12-28'),
(3233, 327, 85, '5', '', '2023-12-28'),
(3234, 328, 85, '5', '', '2023-12-28'),
(3235, 312, 73, '5', '', '2023-12-28'),
(3236, 313, 73, '5', '', '2023-12-28'),
(3237, 326, 85, '5', '', '2023-12-28'),
(3238, 323, 50, '3', '', '2023-12-28'),
(3239, 325, 57, '5', '', '2023-12-28'),
(3240, 323, 61, '4', '', '2023-12-28'),
(3241, 323, 51, '5', '', '2023-12-28'),
(3242, 324, 56, '5', '', '2023-12-28'),
(3243, 326, 79, '5', '90', '2024-01-17'),
(3244, 326, 81, '', '90', '2023-12-28'),
(3245, 326, 84, '5', '90', '2023-12-28'),
(3246, 326, 86, '', '90', '2023-12-28'),
(3247, 327, 69, '5', '15', '2024-01-19'),
(3248, 327, 73, '5', '15', '2024-01-10'),
(3249, 327, 76, '5', '15', '2024-01-17'),
(3250, 327, 77, '', '23', '2023-12-28'),
(3251, 327, 79, '5', '26', '2024-01-17'),
(3252, 327, 81, '', '90', '2023-12-28'),
(3253, 327, 88, '5', '15', '2024-01-19'),
(3254, 323, 54, '', '90', '2023-12-28'),
(3255, 324, 54, '3', '90', '2024-01-25'),
(3256, 325, 54, '3', '90', '2024-01-25'),
(3257, 323, 55, '5', '90', '2024-01-19'),
(3258, 324, 55, '5', '90', '2024-01-19'),
(3259, 325, 55, '5', '90', '2024-01-19'),
(3260, 323, 151, '', '90', '2023-12-28'),
(3261, 324, 151, '', '90', '2023-12-28'),
(3262, 325, 151, '', '90', '2023-12-28'),
(3263, 323, 60, '', '90', '2023-12-28'),
(3264, 324, 60, '', '90', '2023-12-28'),
(3265, 325, 60, '', '90', '2023-12-28'),
(3266, 323, 64, '', '90', '2023-12-28'),
(3267, 324, 64, '', '90', '2023-12-28'),
(3268, 325, 64, '', '90', '2023-12-28'),
(3269, 328, 81, '', '90', '2023-12-28'),
(3270, 327, 84, '5', '90', '2023-12-28'),
(3271, 328, 84, '5', '90', '2023-12-28'),
(3272, 324, 57, '5', '', '2023-12-28'),
(3273, 299, 80, '3', '', '2023-12-28'),
(3274, 325, 56, '5', '', '2023-12-28'),
(3275, 324, 66, '4', '', '2023-12-28'),
(3276, 324, 51, '5', '', '2023-12-28'),
(3277, 325, 66, '3', '', '2023-12-28'),
(3278, 323, 63, '5', '', '2023-12-28'),
(3279, 323, 57, '5', '', '2023-12-28'),
(3280, 326, 83, '5', '', '2023-12-28'),
(3281, 327, 83, '5', '', '2023-12-28'),
(3282, 328, 83, '5', '', '2023-12-28'),
(3283, 299, 88, '3', '', '2023-12-28'),
(3284, 312, 175, '5', '', '2023-12-28'),
(3285, 313, 175, '5', '', '2023-12-28'),
(3286, 313, 79, '5', '', '2023-12-28'),
(3287, 309, 65, '5', '', '2023-12-28'),
(3288, 310, 65, '3', '', '2023-12-28'),
(3289, 324, 61, '5', '', '2023-12-28'),
(3290, 312, 80, '5', '', '2023-12-28'),
(3291, 323, 67, '5', '', '2023-12-28'),
(3292, 309, 58, '3', '', '2024-01-25'),
(3293, 323, 56, '5', '', '2023-12-28'),
(3294, 298, 89, '4', '', '2023-12-28'),
(3295, 299, 70, '4', '', '2023-12-28'),
(3296, 325, 51, '5', '', '2023-12-28'),
(3297, 324, 50, '5', '', '2023-12-28'),
(3298, 227, 7, '4', '', '2023-12-29'),
(3299, 251, 11, '4', '', '2023-12-29'),
(3300, 260, 2, '4', '', '2023-12-29'),
(3301, 206, 25, '4', '', '2023-12-29'),
(3302, 112, 7, '3', '', '2023-12-29'),
(3303, 176, 11, '4', '', '2023-12-29'),
(3304, 222, 26, '4', '', '2023-12-29'),
(3305, 241, 26, '3', '', '2023-12-29'),
(3306, 243, 26, '3', '', '2023-12-29'),
(3307, 257, 11, '4', '', '2023-12-29'),
(3308, 271, 3, '3', '', '2023-12-29'),
(3309, 247, 121, '3', '', '2023-12-29'),
(3310, 256, 121, '4', '', '2023-12-29'),
(3311, 271, 2, '3', '', '2023-12-29'),
(3312, 206, 6, '4', '', '2023-12-29'),
(3313, 271, 14, '3', '', '2023-12-29'),
(3314, 329, 52, '', '90', '2023-12-29'),
(3315, 330, 52, '', '90', '2023-12-29'),
(3316, 329, 53, '', '90', '2023-12-29'),
(3317, 330, 53, '', '90', '2023-12-29'),
(3318, 329, 54, '', '90', '2023-12-29'),
(3319, 330, 54, '', '90', '2023-12-29'),
(3320, 329, 55, '', '90', '2023-12-29'),
(3321, 330, 55, '', '90', '2023-12-29'),
(3322, 329, 56, '', '19', '2023-12-29'),
(3323, 330, 56, '', '', '2023-12-29'),
(3324, 329, 151, '', '90', '2023-12-29'),
(3325, 330, 151, '', '90', '2023-12-29'),
(3326, 329, 58, '', '90', '2023-12-29'),
(3327, 330, 58, '', '90', '2023-12-29'),
(3328, 329, 59, '', '90', '2023-12-29'),
(3329, 330, 59, '', '90', '2023-12-29'),
(3330, 329, 60, '', '90', '2023-12-29'),
(3331, 330, 60, '', '90', '2023-12-29'),
(3332, 329, 64, '', '90', '2023-12-29'),
(3333, 330, 64, '', '90', '2023-12-29'),
(3334, 329, 65, '', '90', '2023-12-29'),
(3335, 330, 65, '', '90', '2023-12-29'),
(3336, 329, 66, '', '90', '2023-12-29'),
(3337, 330, 66, '', '90', '2023-12-29'),
(3338, 329, 67, '', '', '2023-12-29'),
(3339, 331, 68, '', '90', '2023-12-29'),
(3340, 332, 68, '', '90', '2023-12-29'),
(3341, 331, 69, '', '90', '2023-12-29'),
(3342, 332, 69, '', '90', '2023-12-29'),
(3343, 331, 70, '', '20', '2023-12-29'),
(3344, 332, 70, '', '', '2023-12-29'),
(3345, 331, 71, '', '', '2023-12-29'),
(3346, 331, 72, '', '90', '2023-12-29'),
(3347, 332, 72, '', '90', '2023-12-29'),
(3348, 331, 73, '', '90', '2023-12-29'),
(3349, 332, 73, '', '90', '2023-12-29'),
(3350, 331, 74, '', '', '2023-12-29'),
(3351, 331, 77, '', '90', '2023-12-29'),
(3352, 332, 77, '', '90', '2023-12-29'),
(3353, 331, 79, '', '90', '2023-12-29'),
(3354, 332, 79, '', '90', '2023-12-29'),
(3355, 331, 81, '', '90', '2023-12-29'),
(3356, 332, 81, '', '90', '2023-12-29'),
(3357, 331, 83, '', '90', '2023-12-29'),
(3358, 332, 83, '', '90', '2023-12-29'),
(3359, 331, 85, '', '90', '2023-12-29'),
(3360, 332, 85, '', '90', '2023-12-29'),
(3361, 331, 86, '', '15', '2023-12-29'),
(3362, 332, 86, '', '', '2023-12-29'),
(3363, 331, 89, '', '90', '2023-12-29'),
(3364, 332, 89, '', '90', '2023-12-29'),
(3365, 324, 67, '5', '', '2023-12-29'),
(3366, 325, 67, '5', '', '2023-12-29'),
(3367, 325, 50, '3', '', '2023-12-29'),
(3368, 325, 61, '5', '', '2023-12-29'),
(3369, 326, 76, '5', '', '2023-12-29'),
(3370, 327, 175, '5', '', '2023-12-29'),
(3371, 326, 73, '5', '', '2024-01-10'),
(3372, 328, 73, '5', '', '2024-01-10'),
(3373, 251, 10, '3', '', '2024-01-10'),
(3374, 179, 134, '3', '', '2024-01-12'),
(3375, 125, 136, '3', '', '2024-01-12'),
(3376, 179, 136, '', '', '2024-01-12'),
(3377, 216, 136, '3', '', '2024-01-12'),
(3378, 221, 172, '3', '', '2024-01-12'),
(3379, 222, 19, '3', '', '2024-01-12'),
(3380, 289, 96, '3', '', '2024-01-12'),
(3381, 293, 94, '4', '', '2024-01-13'),
(3382, 293, 109, '4', '', '2024-01-13'),
(3383, 251, 16, '3', '', '2024-01-15'),
(3384, 260, 11, '4', '', '2024-01-15'),
(3385, 248, 26, '3', '', '2024-01-16'),
(3386, 222, 10, '3', '', '2024-01-16'),
(3387, 257, 10, '3', '', '2024-01-16'),
(3388, 260, 10, '3', '', '2024-01-16'),
(3389, 268, 11, '4', '', '2024-01-16'),
(3390, 248, 10, '3', '', '2024-01-16'),
(3391, 271, 11, '4', '', '2024-01-16'),
(3392, 271, 23, '3', '', '2024-01-16'),
(3393, 260, 23, '4', '', '2024-01-16'),
(3394, 333, 8, '5', '', '2024-01-16'),
(3395, 333, 21, '5', '', '2024-01-16'),
(3396, 333, 22, '5', '', '2024-01-16'),
(3397, 333, 12, '4', '', '2024-01-16'),
(3398, 333, 18, '5', '', '2024-01-16'),
(3399, 333, 27, '4', '', '2024-01-16'),
(3400, 333, 7, '', '90', '2024-01-16'),
(3401, 333, 9, '', '90', '2024-01-16'),
(3402, 333, 13, '', '60', '2024-01-16'),
(3403, 333, 16, '4', '90', '2024-01-19'),
(3404, 333, 28, '', '90', '2024-01-16'),
(3405, 333, 19, '', '90', '2024-01-16'),
(3406, 333, 20, '', '90', '2024-01-16'),
(3407, 333, 174, '', '90', '2024-01-16'),
(3408, 333, 24, '', '90', '2024-01-16'),
(3409, 248, 25, '4', '', '2024-01-16'),
(3410, 185, 6, '4', '', '2024-01-16'),
(3411, 222, 6, '4', '', '2024-01-16'),
(3412, 236, 13, '3', '', '2024-01-16'),
(3413, 248, 13, '4', '', '2024-01-16'),
(3414, 266, 13, '3', '', '2024-01-16'),
(3415, 271, 17, '3', '', '2024-01-16'),
(3416, 222, 25, '3', '', '2024-01-16'),
(3417, 333, 3, '4', '', '2024-01-16'),
(3418, 251, 25, '3', '', '2024-01-17'),
(3419, 227, 28, '3', '', '2024-01-17'),
(3420, 260, 17, '4', '', '2024-01-17'),
(3421, 290, 101, '5', '', '2024-01-17'),
(3422, 268, 10, '3', '', '2024-01-17'),
(3423, 289, 97, '4', '', '2024-01-17'),
(3424, 180, 97, '4', '', '2024-01-17'),
(3425, 290, 97, '4', '', '2024-01-17'),
(3426, 243, 25, '3', '', '2024-01-17'),
(3427, 271, 16, '3', '', '2024-01-17'),
(3428, 124, 172, '3', '', '2024-01-17'),
(3429, 205, 33, '3', '', '2024-01-17'),
(3430, 333, 11, '4', '', '2024-01-19'),
(3431, 333, 2, '4', '', '2024-01-24'),
(3432, 325, 59, '3', '', '2024-01-17'),
(3433, 324, 63, '5', '', '2024-01-17'),
(3434, 325, 63, '5', '', '2024-01-17'),
(3435, 324, 53, '5', '', '2024-01-17'),
(3436, 325, 53, '5', '', '2024-01-17'),
(3437, 323, 53, '5', '', '2024-01-17'),
(3438, 310, 52, '4', '', '2024-01-17'),
(3439, 326, 71, '5', '', '2024-01-17'),
(3440, 327, 71, '5', '', '2024-01-17'),
(3441, 328, 71, '5', '', '2024-01-17'),
(3442, 312, 68, '5', '', '2024-01-17'),
(3443, 299, 68, '4', '', '2024-01-17'),
(3444, 328, 79, '5', '', '2024-01-17'),
(3445, 328, 76, '5', '', '2024-01-17'),
(3446, 326, 80, '4', '', '2024-01-17'),
(3447, 327, 80, '5', '', '2024-01-17'),
(3448, 328, 80, '5', '', '2024-01-17'),
(3449, 326, 74, '5', '', '2024-01-17'),
(3450, 327, 74, '5', '', '2024-01-17'),
(3451, 328, 74, '5', '', '2024-01-17'),
(3452, 312, 70, '3', '', '2024-01-17'),
(3453, 336, 51, '5', '', '2024-01-18'),
(3454, 337, 51, '5', '', '2024-01-18'),
(3455, 338, 51, '5', '', '2024-01-18'),
(3456, 326, 69, '5', '', '2024-01-19'),
(3457, 328, 69, '5', '', '2024-01-19'),
(3458, 326, 88, '3', '', '2024-01-31'),
(3459, 326, 89, '5', '', '2024-01-19'),
(3460, 326, 175, '5', '', '2024-01-19'),
(3461, 328, 175, '5', '', '2024-01-19'),
(3462, 192, 110, '3', '', '2024-01-19'),
(3463, 160, 102, '3', '', '2024-01-19'),
(3464, 289, 102, '3', '', '2024-01-19'),
(3465, 290, 102, '3', '', '2024-01-19'),
(3466, 236, 28, '3', '', '2024-01-19'),
(3467, 243, 28, '3', '', '2024-01-19'),
(3468, 271, 10, '3', '', '2024-01-19'),
(3469, 127, 173, '3', '', '2024-01-19'),
(3470, 192, 173, '3', '', '2024-01-19'),
(3471, 166, 173, '3', '', '2024-01-19'),
(3472, 19, 173, '3', '', '2024-01-19'),
(3473, 193, 19, '3', '', '2024-01-19'),
(3474, 139, 19, '3', '', '2024-01-19'),
(3475, 248, 7, '3', '', '2024-01-19'),
(3476, 148, 172, '3', '', '2024-01-19'),
(3477, 234, 92, '3', '', '2024-01-19'),
(3478, 333, 14, '4', '', '2024-01-19'),
(3479, 258, 172, '3', '', '2024-01-19'),
(3480, 342, 151, '2', '90', '2024-01-19'),
(3481, 343, 151, '', '90', '2024-01-19'),
(3482, 342, 60, '2', '90', '2024-01-19'),
(3483, 343, 60, '', '90', '2024-01-19'),
(3484, 342, 61, '4', '90', '2024-01-31'),
(3485, 343, 61, '', '90', '2024-01-19'),
(3486, 334, 151, '', '90', '2024-01-19'),
(3487, 336, 57, '5', '', '2024-01-19'),
(3488, 337, 57, '5', '', '2024-01-19'),
(3489, 338, 57, '5', '', '2024-01-19'),
(3490, 336, 56, '5', '', '2024-01-19'),
(3491, 337, 56, '5', '', '2024-01-19'),
(3492, 325, 65, '4', '', '2024-01-19'),
(3493, 324, 65, '4', '', '2024-01-19'),
(3494, 336, 66, '4', '', '2024-01-19'),
(3495, 336, 55, '5', '', '2024-01-19'),
(3496, 336, 53, '5', '', '2024-01-19'),
(3497, 337, 53, '5', '', '2024-01-19'),
(3498, 342, 51, '3', '', '2024-01-19'),
(3499, 342, 56, '4', '', '2024-01-19'),
(3500, 342, 57, '3', '', '2024-01-19'),
(3501, 342, 66, '3', '', '2024-01-19'),
(3502, 342, 67, '3', '', '2024-01-19'),
(3503, 342, 50, '2', '', '2024-01-19'),
(3504, 342, 52, '2', '', '2024-01-19'),
(3505, 342, 53, '2', '', '2024-01-19'),
(3506, 342, 54, '2', '', '2024-01-19'),
(3507, 342, 55, '2', '', '2024-01-19'),
(3508, 342, 58, '3', '', '2024-01-26'),
(3509, 342, 59, '3', '', '2024-01-26'),
(3510, 342, 63, '4', '', '2024-01-25'),
(3511, 342, 64, '2', '', '2024-01-19'),
(3512, 342, 65, '4', '', '2024-01-25'),
(3513, 336, 67, '5', '', '2024-01-19'),
(3514, 337, 67, '5', '', '2024-01-19'),
(3515, 338, 53, '5', '', '2024-01-19'),
(3516, 153, 124, '3', '', '2024-01-24'),
(3517, 179, 124, '3', '', '2024-01-24'),
(3518, 251, 26, '3', '', '2024-01-24'),
(3519, 257, 26, '3', '', '2024-01-24'),
(3520, 201, 91, '3', '', '2024-01-24'),
(3521, 160, 110, '3', '', '2024-01-24'),
(3522, 234, 102, '3', '', '2024-01-24'),
(3523, 139, 28, '3', '', '2024-01-24'),
(3524, 150, 28, '3', '', '2024-01-24'),
(3525, 260, 28, '4', '', '2024-01-24'),
(3526, 154, 172, '3', '', '2024-01-24'),
(3527, 290, 92, '3', '', '2024-01-24'),
(3528, 110, 95, '3', '', '2024-01-24'),
(3529, 142, 95, '3', '', '2024-01-24'),
(3530, 347, 113, '', '90', '2024-01-24'),
(3531, 347, 148, '', '90', '2024-01-24'),
(3532, 347, 176, '', '90', '2024-01-24'),
(3533, 347, 100, '', '45', '2024-01-24'),
(3534, 347, 104, '', '90', '2024-01-24'),
(3535, 347, 105, '', '90', '2024-01-24'),
(3536, 347, 107, '', '90', '2024-01-24'),
(3537, 110, 91, '3', '', '2024-01-24'),
(3538, 256, 122, '4', '', '2024-01-24'),
(3539, 350, 137, '', '18', '2024-01-24'),
(3540, 247, 122, '4', '', '2024-01-24'),
(3541, 350, 118, '', '90', '2024-01-24'),
(3542, 350, 119, '', '45', '2024-01-24'),
(3543, 350, 150, '', '27', '2024-01-24'),
(3544, 350, 143, '', '90', '2024-01-24'),
(3545, 350, 125, '', '90', '2024-01-24'),
(3546, 350, 128, '', '37', '2024-01-24'),
(3547, 350, 129, '', '90', '2024-01-24'),
(3548, 350, 146, '', '90', '2024-01-24'),
(3549, 252, 131, '5', '', '2024-01-24'),
(3550, 341, 73, '5', '', '2024-01-24'),
(3551, 339, 73, '5', '', '2024-01-24'),
(3552, 340, 85, '5', '', '2024-01-24'),
(3553, 313, 70, '5', '', '2024-01-24'),
(3554, 339, 85, '5', '', '2024-01-24'),
(3555, 341, 85, '5', '', '2024-01-24'),
(3556, 339, 71, '5', '', '2024-01-24'),
(3557, 340, 71, '5', '', '2024-01-24'),
(3558, 339, 80, '5', '', '2024-01-24'),
(3559, 340, 80, '5', '', '2024-01-24'),
(3560, 341, 80, '5', '', '2024-01-24'),
(3561, 341, 69, '5', '', '2024-01-24'),
(3562, 340, 69, '5', '', '2024-01-24'),
(3563, 339, 69, '5', '', '2024-01-24'),
(3564, 340, 73, '5', '', '2024-01-24'),
(3565, 313, 80, '4', '', '2024-01-24'),
(3566, 336, 61, '5', '', '2024-01-24'),
(3567, 337, 61, '5', '', '2024-01-24'),
(3568, 338, 61, '5', '', '2024-01-24'),
(3569, 336, 52, '5', '', '2024-01-24'),
(3570, 337, 52, '5', '', '2024-01-24'),
(3571, 336, 65, '5', '', '2024-01-24'),
(3572, 337, 65, '5', '', '2024-01-24'),
(3573, 336, 50, '5', '', '2024-01-24'),
(3574, 337, 50, '5', '', '2024-01-24'),
(3575, 336, 63, '5', '', '2024-01-24'),
(3576, 337, 63, '5', '', '2024-01-24'),
(3577, 338, 56, '5', '', '2024-01-24'),
(3578, 338, 52, '5', '', '2024-01-24'),
(3579, 310, 58, '3', '', '2024-01-24'),
(3580, 337, 66, '5', '', '2024-01-24'),
(3581, 341, 71, '5', '', '2024-01-25'),
(3582, 351, 80, '', '7', '2024-01-25'),
(3583, 351, 87, '', '20', '2024-01-25'),
(3584, 351, 89, '', '25', '2024-01-25'),
(3585, 354, 58, '', '15', '2024-01-25'),
(3586, 351, 86, '', '27', '2024-01-25'),
(3587, 354, 59, '', '10', '2024-01-25'),
(3588, 351, 70, '', '19', '2024-01-25'),
(3589, 351, 79, '', '20', '2024-01-25'),
(3590, 351, 72, '', '30', '2024-01-25'),
(3591, 338, 66, '3', '', '2024-01-25'),
(3592, 354, 50, '', '6', '2024-01-25'),
(3593, 354, 51, '5', '90', '2024-01-31'),
(3594, 355, 51, '5', '90', '2024-01-31'),
(3595, 356, 51, '5', '90', '2024-01-31'),
(3596, 354, 53, '', '90', '2024-01-25'),
(3597, 354, 55, '', '90', '2024-01-25'),
(3598, 354, 57, '5', '90', '2024-01-31'),
(3599, 354, 151, '', '90', '2024-01-25'),
(3600, 354, 60, '', '90', '2024-01-25'),
(3601, 354, 61, '5', '90', '2024-01-31'),
(3602, 354, 64, '', '90', '2024-01-25'),
(3603, 354, 66, '4', '', '2024-01-25'),
(3604, 344, 68, '3', '', '2024-01-25'),
(3605, 344, 69, '', '', '2024-01-25'),
(3606, 344, 70, '2', '', '2024-01-25'),
(3607, 344, 71, '4', '', '2024-01-25'),
(3608, 344, 72, '3', '', '2024-01-25'),
(3609, 344, 73, '2', '', '2024-01-25'),
(3610, 344, 74, '4', '', '2024-01-25'),
(3611, 344, 76, '4', '', '2024-01-25'),
(3612, 344, 77, '3', '', '2024-01-25'),
(3613, 344, 79, '2', '', '2024-01-25'),
(3614, 344, 80, '2', '', '2024-01-25'),
(3615, 344, 81, '3', '', '2024-01-25'),
(3616, 344, 83, '3', '', '2024-01-25'),
(3617, 344, 84, '', '', '2024-01-25'),
(3618, 344, 85, '2', '', '2024-01-25'),
(3619, 344, 86, '2', '', '2024-01-25'),
(3620, 344, 87, '2', '', '2024-01-25'),
(3621, 344, 88, '', '', '2024-01-25'),
(3622, 344, 89, '2', '', '2024-01-25'),
(3623, 351, 69, '', '90', '2024-01-25'),
(3624, 351, 83, '5', '90', '2024-01-25'),
(3625, 351, 84, '4', '90', '2024-01-31'),
(3626, 351, 85, '5', '45', '2024-01-25'),
(3627, 326, 70, '3', '', '2024-01-31'),
(3628, 327, 70, '4', '', '2024-01-25'),
(3629, 312, 77, '3', '', '2024-01-25'),
(3630, 352, 69, '', '90', '2024-01-25'),
(3631, 352, 72, '', '10', '2024-01-25'),
(3632, 352, 74, '', '10', '2024-01-25'),
(3633, 352, 79, '', '10', '2024-01-25'),
(3634, 352, 80, '', '10', '2024-01-25'),
(3635, 352, 83, '5', '90', '2024-01-25'),
(3636, 352, 84, '4', '90', '2024-01-31'),
(3637, 352, 86, '', '19', '2024-01-25'),
(3638, 352, 87, '', '10', '2024-01-25'),
(3639, 339, 79, '5', '', '2024-01-25'),
(3640, 340, 79, '5', '', '2024-01-25'),
(3641, 339, 175, '5', '', '2024-01-25'),
(3642, 339, 88, '5', '', '2024-01-25'),
(3643, 355, 66, '4', '', '2024-01-25'),
(3644, 356, 59, '4', '', '2024-01-25'),
(3645, 324, 58, '4', '', '2024-01-25'),
(3646, 354, 67, '5', '', '2024-01-25'),
(3647, 338, 63, '5', '', '2024-01-25'),
(3648, 356, 66, '4', '', '2024-01-25'),
(3649, 354, 56, '5', '', '2024-01-25'),
(3650, 340, 175, '5', '', '2024-01-25'),
(3651, 352, 85, '5', '', '2024-01-25'),
(3652, 339, 83, '5', '', '2024-01-25'),
(3653, 340, 83, '5', '', '2024-01-25'),
(3654, 341, 83, '5', '', '2024-01-25'),
(3655, 353, 83, '5', '', '2024-01-25'),
(3656, 353, 85, '5', '', '2024-01-25'),
(3657, 353, 69, '', '90', '2024-01-25'),
(3658, 353, 70, '', '32', '2024-01-25'),
(3659, 353, 84, '5', '90', '2024-01-31'),
(3660, 353, 86, '', '', '2024-01-25'),
(3661, 353, 88, '4', '', '2024-01-25'),
(3662, 340, 88, '5', '', '2024-01-25'),
(3663, 339, 74, '5', '', '2024-01-25'),
(3664, 340, 74, '5', '', '2024-01-25'),
(3665, 340, 89, '5', '', '2024-01-25'),
(3666, 338, 67, '5', '', '2024-01-25'),
(3667, 341, 74, '5', '', '2024-01-25'),
(3668, 283, 86, '3', '', '2024-01-25'),
(3669, 351, 71, '5', '', '2024-01-25'),
(3670, 313, 77, '3', '', '2024-01-25'),
(3671, 326, 77, '3', '', '2024-01-25'),
(3672, 341, 76, '5', '', '2024-01-25'),
(3673, 339, 76, '5', '', '2024-01-25'),
(3674, 340, 76, '5', '', '2024-01-25'),
(3675, 338, 65, '5', '', '2024-01-25'),
(3676, 180, 110, '3', '', '2024-01-26'),
(3677, 180, 102, '3', '', '2024-01-26'),
(3678, 160, 92, '3', '', '2024-01-26'),
(3679, 139, 25, '4', '', '2024-01-26'),
(3680, 146, 25, '4', '', '2024-01-26'),
(3681, 293, 102, '3', '', '2024-01-26'),
(3682, 201, 92, '3', '', '2024-01-26'),
(3683, 257, 25, '4', '', '2024-01-26'),
(3684, 251, 13, '3', '', '2024-01-26'),
(3685, 260, 25, '3', '', '2024-01-26'),
(3686, 313, 68, '5', '', '2024-01-26'),
(3687, 327, 68, '4', '', '2024-01-26'),
(3688, 328, 68, '4', '', '2024-01-26'),
(3689, 360, 175, '4', '', '2024-01-26'),
(3690, 360, 68, '2', '', '2024-01-26'),
(3691, 360, 79, '4', '', '2024-01-26'),
(3692, 358, 59, '2', '', '2024-01-26'),
(3693, 358, 52, '3', '15', '2024-01-26'),
(3694, 360, 73, '4', '35', '2024-01-26'),
(3695, 360, 71, '5', '', '2024-01-26'),
(3696, 360, 85, '4', '45', '2024-01-26'),
(3697, 360, 89, '2', '16', '2024-01-26'),
(3698, 358, 61, '4', '', '2024-01-26'),
(3699, 358, 56, '4', '', '2024-01-26'),
(3700, 358, 51, '4', '', '2024-01-26'),
(3701, 358, 57, '4', '', '2024-01-26'),
(3702, 358, 58, '4', '', '2024-01-26'),
(3703, 360, 69, '', '90', '2024-01-26'),
(3704, 361, 69, '', '90', '2024-01-26'),
(3705, 360, 70, '', '16', '2024-01-26'),
(3706, 360, 72, '', '16', '2024-01-26'),
(3707, 360, 76, '', '16', '2024-01-26'),
(3708, 360, 77, '', '7', '2024-01-26'),
(3709, 360, 80, '', '90', '2024-01-26'),
(3710, 361, 80, '', '90', '2024-01-26'),
(3711, 360, 81, '', '90', '2024-01-26'),
(3712, 361, 81, '', '90', '2024-01-26'),
(3713, 360, 83, '', '45', '2024-01-26'),
(3714, 360, 84, '', '90', '2024-01-26'),
(3715, 361, 84, '', '90', '2024-01-26'),
(3716, 360, 86, '', '35', '2024-01-26'),
(3717, 358, 54, '', '90', '2024-01-26'),
(3718, 359, 54, '', '90', '2024-01-26'),
(3719, 358, 55, '', '90', '2024-01-26'),
(3720, 359, 55, '', '90', '2024-01-26'),
(3721, 358, 60, '', '90', '2024-01-26'),
(3722, 359, 60, '', '90', '2024-01-26'),
(3723, 358, 64, '', '90', '2024-01-26'),
(3724, 359, 64, '', '90', '2024-01-26'),
(3725, 358, 66, '', '90', '2024-01-26'),
(3726, 359, 66, '', '90', '2024-01-26'),
(3727, 348, 108, '', '3', '2024-01-26'),
(3728, 180, 106, '4', '', '2024-01-26'),
(3729, 348, 100, '', '15', '2024-01-26'),
(3730, 348, 113, '', '90', '2024-01-26'),
(3731, 348, 148, '', '90', '2024-01-26'),
(3732, 348, 176, '', '90', '2024-01-26'),
(3733, 348, 104, '', '90', '2024-01-26'),
(3734, 348, 105, '', '90', '2024-01-26'),
(3735, 348, 111, '4', '', '2024-01-26'),
(3736, 201, 95, '3', '', '2024-01-26'),
(3737, 234, 91, '3', '', '2024-01-26'),
(3738, 160, 93, '3', '', '2024-01-26'),
(3739, 166, 93, '3', '', '2024-01-26'),
(3740, 347, 111, '5', '', '2024-01-26'),
(3741, 362, 120, '', '3', '2024-01-26'),
(3742, 362, 124, '', '90', '2024-01-26'),
(3743, 362, 129, '', '90', '2024-01-26'),
(3744, 362, 133, '', '3', '2024-01-26'),
(3745, 362, 132, '', '', '2024-01-26'),
(3746, 362, 134, '', '3', '2024-01-26'),
(3747, 362, 136, '', '3', '2024-01-26'),
(3748, 362, 139, '', '90', '2024-01-26'),
(3749, 362, 145, '', '', '2024-01-26'),
(3750, 362, 141, '', '90', '2024-01-26'),
(3751, 348, 109, '5', '', '2024-01-27'),
(3752, 363, 90, '', '90', '2024-01-27'),
(3753, 363, 113, '', '90', '2024-01-27'),
(3754, 363, 148, '', '90', '2024-01-27'),
(3755, 363, 97, '', '3', '2024-01-27'),
(3756, 363, 173, '', '90', '2024-01-27'),
(3757, 363, 115, '', '90', '2024-01-27'),
(3758, 363, 99, '', '90', '2024-01-27'),
(3759, 363, 100, '', '29', '2024-01-27'),
(3760, 363, 103, '', '26', '2024-01-27'),
(3761, 363, 104, '', '90', '2024-01-27'),
(3762, 363, 105, '', '90', '2024-01-27'),
(3763, 363, 106, '', '15', '2024-01-27'),
(3764, 363, 116, '', '24', '2024-01-27'),
(3765, 363, 110, '', '90', '2024-01-27'),
(3766, 215, 108, '3', '', '2024-01-27'),
(3767, 364, 90, '', '90', '2024-01-27'),
(3768, 364, 113, '', '90', '2024-01-27'),
(3769, 364, 148, '', '90', '2024-01-27'),
(3770, 364, 173, '', '90', '2024-01-27'),
(3771, 364, 115, '', '90', '2024-01-27'),
(3772, 364, 99, '', '90', '2024-01-27'),
(3773, 364, 104, '', '90', '2024-01-27'),
(3774, 364, 105, '', '90', '2024-01-27'),
(3775, 364, 110, '', '90', '2024-01-27'),
(3776, 365, 126, '', '2', '2024-01-27'),
(3777, 365, 130, '', '3', '2024-01-27'),
(3778, 365, 125, '', '3', '2024-01-27'),
(3779, 365, 150, '', '5', '2024-01-27'),
(3780, 365, 133, '', '8', '2024-01-27'),
(3781, 365, 146, '', '8', '2024-01-27'),
(3782, 365, 145, '', '13', '2024-01-27'),
(3783, 365, 120, '', '16', '2024-01-27'),
(3784, 365, 144, '', '22', '2024-01-27'),
(3785, 365, 128, '', '45', '2024-01-27'),
(3786, 365, 121, '', '45', '2024-01-27'),
(3787, 365, 118, '', '90', '2024-01-27'),
(3788, 365, 119, '', '90', '2024-01-27'),
(3789, 365, 122, '', '90', '2024-01-27'),
(3790, 365, 124, '', '90', '2024-01-27'),
(3791, 365, 127, '', '90', '2024-01-27'),
(3792, 365, 129, '', '90', '2024-01-27'),
(3793, 365, 134, '', '90', '2024-01-27'),
(3794, 365, 137, '', '90', '2024-01-27'),
(3795, 365, 139, '', '90', '2024-01-27'),
(3796, 365, 141, '', '90', '2024-01-27'),
(3797, 366, 118, '', '90', '2024-01-27'),
(3798, 366, 119, '', '90', '2024-01-27'),
(3799, 366, 122, '', '90', '2024-01-27'),
(3800, 366, 124, '', '90', '2024-01-27'),
(3801, 366, 127, '', '90', '2024-01-27'),
(3802, 366, 129, '', '90', '2024-01-27'),
(3803, 366, 134, '', '90', '2024-01-27'),
(3804, 366, 137, '', '', '2024-01-27'),
(3805, 366, 139, '', '90', '2024-01-27'),
(3806, 366, 141, '', '90', '2024-01-27'),
(3807, 260, 26, '3', '', '2024-01-31'),
(3808, 222, 174, '3', '', '2024-01-31'),
(3809, 339, 84, '3', '', '2024-01-31'),
(3810, 340, 84, '4', '', '2024-01-31'),
(3811, 341, 84, '3', '', '2024-01-31'),
(3812, 169, 24, '3', '', '2024-01-31'),
(3813, 333, 23, '4', '', '2024-01-31'),
(3814, 236, 174, '3', '', '2024-01-31'),
(3815, 347, 106, '4', '', '2024-01-31'),
(3816, 201, 110, '3', '', '2024-01-31'),
(3817, 347, 109, '4', '', '2024-01-31'),
(3818, 160, 100, '3', '', '2024-01-31'),
(3819, 166, 100, '3', '', '2024-01-31'),
(3820, 160, 95, '3', '', '2024-01-31'),
(3821, 370, 90, '', '90', '2024-01-31'),
(3822, 370, 113, '', '90', '2024-01-31'),
(3823, 370, 148, '', '90', '2024-01-31'),
(3824, 370, 94, '', '3', '2024-01-31'),
(3825, 370, 97, '', '4', '2024-01-31'),
(3826, 370, 115, '', '90', '2024-01-31'),
(3827, 370, 100, '', '', '2024-01-31'),
(3828, 370, 103, '', '90', '2024-01-31'),
(3829, 370, 104, '', '3', '2024-01-31'),
(3830, 370, 105, '', '90', '2024-01-31'),
(3831, 370, 116, '', '13', '2024-01-31'),
(3832, 370, 111, '', '13', '2024-01-31'),
(3833, 370, 117, '', '3', '2024-01-31'),
(3834, 370, 112, '', '3', '2024-01-31'),
(3835, 347, 101, '5', '', '2024-01-31'),
(3836, 348, 107, '4', '', '2024-01-31'),
(3837, 348, 101, '4', '', '2024-01-31'),
(3838, 333, 17, '3', '', '2024-01-31'),
(3839, 201, 93, '3', '', '2024-01-31'),
(3840, 371, 118, '', '2', '2024-01-31'),
(3841, 371, 119, '', '2', '2024-01-31'),
(3842, 371, 120, '', '4', '2024-01-31'),
(3843, 350, 131, '5', '', '2024-01-31'),
(3844, 371, 121, '', '7', '2024-01-31'),
(3845, 371, 123, '', '3', '2024-01-31'),
(3846, 371, 150, '', '4', '2024-01-31'),
(3847, 371, 125, '', '90', '2024-01-31'),
(3848, 371, 128, '', '7', '2024-01-31'),
(3849, 371, 129, '', '90', '2024-01-31'),
(3850, 371, 133, '', '7', '2024-01-31'),
(3851, 371, 134, '', '3', '2024-01-31'),
(3852, 371, 136, '', '2', '2024-01-31'),
(3853, 371, 138, '', '90', '2024-01-31'),
(3854, 371, 139, '', '9', '2024-01-31'),
(3855, 371, 141, '', '90', '2024-01-31'),
(3856, 371, 146, '', '7', '2024-01-31'),
(3857, 202, 130, '3', '', '2024-01-31'),
(3858, 355, 57, '5', '', '2024-01-31'),
(3859, 356, 57, '5', '', '2024-01-31'),
(3860, 355, 61, '4', '', '2024-01-31'),
(3861, 356, 61, '5', '', '2024-01-31'),
(3862, 296, 54, '', '', '2024-01-31'),
(3863, 309, 54, '3', '', '2024-01-31'),
(3864, 310, 54, '3', '', '2024-01-31'),
(3865, 355, 67, '5', '', '2024-01-31'),
(3866, 356, 67, '5', '', '2024-01-31'),
(3867, 354, 63, '5', '', '2024-01-31'),
(3868, 355, 56, '5', '', '2024-01-31'),
(3869, 356, 56, '5', '', '2024-01-31'),
(3870, 336, 54, '3', '', '2024-01-31'),
(3871, 326, 68, '4', '', '2024-01-31'),
(3872, 351, 73, '5', '', '2024-01-31'),
(3873, 352, 73, '5', '', '2024-01-31'),
(3874, 284, 86, '3', '', '2024-01-31'),
(3875, 353, 89, '4', '', '2024-01-31'),
(3876, 341, 79, '4', '', '2024-01-31'),
(3877, 328, 70, '3', '', '2024-01-31'),
(3878, 373, 70, '2', '', '2024-01-31'),
(3879, 373, 73, '4', '', '2024-01-31'),
(3880, 373, 83, '3', '', '2024-01-31'),
(3881, 373, 68, '3', '', '2024-01-31'),
(3882, 373, 79, '3', '1', '2024-01-31'),
(3883, 373, 81, '4', '4', '2024-01-31'),
(3884, 373, 76, '3', '2', '2024-01-31'),
(3885, 373, 86, '5', '2', '2024-01-31'),
(3886, 373, 77, '3', '4', '2024-01-31'),
(3887, 373, 69, '2', '90', '2024-01-31'),
(3888, 373, 71, '2', '90', '2024-01-31'),
(3889, 373, 72, '2', '', '2024-01-31'),
(3890, 373, 74, '2', '', '2024-01-31'),
(3891, 373, 175, '2', '90', '2024-01-31'),
(3892, 373, 80, '2', '2', '2024-01-31'),
(3893, 373, 84, '2', '90', '2024-01-31'),
(3894, 373, 85, '2', '90', '2024-01-31'),
(3895, 373, 87, '2', '', '2024-01-31'),
(3896, 373, 88, '2', '', '2024-01-31'),
(3897, 373, 89, '2', '2', '2024-01-31'),
(3898, 353, 73, '5', '', '2024-01-31'),
(3899, 372, 51, '2', '', '2024-01-31'),
(3900, 372, 57, '4', '', '2024-01-31'),
(3901, 372, 67, '4', '', '2024-01-31'),
(3902, 372, 50, '3', '', '2024-01-31'),
(3903, 372, 54, '2', '', '2024-01-31'),
(3904, 372, 63, '4', '', '2024-01-31'),
(3905, 372, 56, '4', '', '2024-01-31'),
(3906, 372, 65, '3', '', '2024-01-31'),
(3907, 372, 52, '3', '', '2024-01-31'),
(3908, 372, 66, '4', '', '2024-01-31'),
(3909, 372, 61, '5', '', '2024-01-31'),
(3910, 372, 59, '3', '', '2024-01-31'),
(3911, 372, 58, '4', '', '2024-01-31'),
(3912, 372, 55, '3', '', '2024-01-31'),
(3913, 372, 53, '3', '', '2024-01-31'),
(3914, 372, 151, '2', '', '2024-01-31'),
(3915, 372, 60, '2', '', '2024-01-31'),
(3916, 372, 64, '2', '', '2024-01-31');

-- --------------------------------------------------------

--
-- Структура таблицы `Group`
--

CREATE TABLE `Group` (
  `Id` int NOT NULL,
  `Name` varchar(255) NOT NULL
) ENGINE=InnoDB DEFAULT CHARSET=utf8mb4 COLLATE=utf8mb4_0900_ai_ci;

--
-- Дамп данных таблицы `Group`
--

INSERT INTO `Group` (`Id`, `Name`) VALUES
(1, 'ИСП-21-2'),
(2, 'ИСП-21-4'),
(3, 'ИСП-20-2'),
(4, 'ИСП-20-4'),
(5, 'ИСВ-21-1'),
(6, 'ИСВ-21-3'),
(7, 'ИСВ-23-1'),
(8, 'ИСВ-23-2');

-- --------------------------------------------------------

--
-- Структура таблицы `Student`
--

CREATE TABLE `Student` (
  `Id` int NOT NULL,
  `FirstName` varchar(50) NOT NULL,
  `LastName` varchar(50) NOT NULL,
  `IdGroup` int NOT NULL,
  `Expelled` tinyint(1) NOT NULL,
  `DateExpelled` date DEFAULT NULL
) ENGINE=InnoDB DEFAULT CHARSET=utf8mb4 COLLATE=utf8mb4_0900_ai_ci;

--
-- Дамп данных таблицы `Student`
--

INSERT INTO `Student` (`Id`, `FirstName`, `LastName`, `IdGroup`, `Expelled`, `DateExpelled`) VALUES
(1, 'Даниил', 'Ахунов', 1, 1, '2023-11-20'),
(2, 'Алёна', 'Бугрина', 1, 0, NULL),
(3, 'Никита', 'Галкин', 1, 0, NULL),
(6, 'Игорь', 'Глебов', 1, 0, NULL),
(7, 'Данил', 'Граф', 1, 0, NULL),
(8, 'Степан', 'Еловиков', 1, 0, NULL),
(9, 'Артур', 'Кукулькан', 1, 0, NULL),
(10, 'Артём', 'Курлищук', 1, 0, NULL),
(11, 'Матвей', 'Кылосов', 1, 0, NULL),
(12, 'Степан', 'Леготкин', 1, 0, NULL),
(13, 'Миляуша', 'Мутагарова', 1, 0, NULL),
(14, 'Андрей', 'Носков', 1, 0, NULL),
(15, 'Павел', 'Осокин', 1, 0, NULL),
(16, 'Анастасия', 'Плешкова', 1, 0, NULL),
(17, 'Дарья', 'Ротанова', 1, 0, NULL),
(18, 'Николай', 'Русанов', 1, 0, NULL),
(19, 'Михаил', 'Самков', 1, 0, NULL),
(20, 'Ксения', 'Суханова', 1, 0, NULL),
(21, 'Кирилл', 'Тепляков', 1, 0, NULL),
(22, 'Александр', 'Фадеев', 1, 0, NULL),
(23, 'Алёна', 'Филимонова', 1, 0, NULL),
(24, 'Артем', 'Черемных', 1, 0, NULL),
(25, 'Андрей', 'Драчёв', 1, 0, NULL),
(26, 'Артём', 'Мохов', 1, 0, NULL),
(27, 'Илья', 'Овчинников', 1, 0, NULL),
(28, 'Глеб', 'Савичев', 1, 0, NULL),
(31, 'Александра', 'Болотова', 2, 1, '2023-12-09'),
(32, 'Сергей', 'Галушин', 2, 0, NULL),
(33, 'Максим', 'Григорьев', 2, 0, NULL),
(34, 'Александр', 'Дружинин', 2, 0, NULL),
(36, 'Эрик', 'Казарян', 2, 0, NULL),
(37, 'Руслан', 'Каюмов', 2, 0, NULL),
(39, 'Юрий', 'Кочетов', 2, 0, NULL),
(40, 'Кристина', 'Липина', 2, 0, NULL),
(41, 'Сергей', 'Нецветаев', 2, 0, NULL),
(42, 'Тимофей', 'Новиков', 2, 0, NULL),
(43, 'Ярослав', 'Овчинников', 2, 0, NULL),
(45, 'Даниил', 'Пешков', 2, 0, NULL),
(46, 'Глеб', 'Старцев', 2, 0, NULL),
(47, 'Михаил', 'Чадаев', 2, 0, NULL),
(48, 'Юлия', 'Чеглакова', 2, 0, NULL),
(49, 'Лёва', 'Эргашов', 2, 0, NULL),
(50, 'Ольга', 'Аликина', 3, 0, NULL),
(51, 'Данил', 'Бояркин', 3, 0, NULL),
(52, 'Владислав', 'Бурмантов', 3, 0, NULL),
(53, 'Максим', 'Дылдин', 3, 0, NULL),
(54, 'Даниил', 'Евдокимов', 3, 0, NULL),
(55, 'Никита', 'Костюнин', 3, 0, NULL),
(56, 'Данил', 'Кучин', 3, 0, NULL),
(57, 'Александр', 'Мотырев', 3, 0, NULL),
(58, 'Владимир', 'Олейник', 3, 0, NULL),
(59, 'Константин', 'Саблин', 3, 0, NULL),
(60, 'Валерий', 'Субботин', 3, 0, NULL),
(61, 'Егор', 'Сукрушев', 3, 0, NULL),
(63, 'Никита', 'Хабибрахманов', 3, 0, NULL),
(64, 'Григорий', 'Хикматулин', 3, 0, NULL),
(65, 'Сергей', 'Черенев', 3, 0, NULL),
(66, 'Дмитрий', 'Чупин', 3, 0, NULL),
(67, 'Дмитрий', 'Шилов', 3, 0, NULL),
(68, 'Татьяна', 'Апурина', 4, 0, NULL),
(69, 'Дмитрий', 'Байдин', 4, 0, NULL),
(70, 'Арсений', 'Ведерников', 4, 0, NULL),
(71, 'Александр', 'Галанов', 4, 0, NULL),
(72, 'Матвей', 'Гордеев', 4, 0, NULL),
(73, 'Савелий', 'Казаков', 4, 0, NULL),
(74, 'Александр', 'Калашников', 4, 0, NULL),
(76, 'Никита', 'Кряжевских', 4, 0, NULL),
(77, 'Кирилл', 'Кузнецов', 4, 0, NULL),
(79, 'Артём', 'Леонтьев', 4, 0, NULL),
(80, 'Денис', 'Лунгу', 4, 0, NULL),
(81, 'Николай', 'Меленев', 4, 0, NULL),
(83, 'Евгений', 'Неволин', 4, 0, NULL),
(84, 'Николай', 'Полозов', 4, 0, NULL),
(85, 'Данил', 'Семенов', 4, 0, NULL),
(86, 'Ростислав', 'Федотов', 4, 0, NULL),
(87, 'Никита', 'Хоменко', 4, 0, NULL),
(88, 'Александр', 'Цигвинцев', 4, 0, NULL),
(89, 'Ярослав', 'Ярков', 4, 0, NULL),
(90, 'Кирилл', 'Андрюков', 5, 0, NULL),
(91, 'Кирилл', 'Бельков', 5, 0, NULL),
(92, 'Анастасия', 'Беляева', 5, 0, NULL),
(93, 'Снежана', 'Болдырева', 5, 0, NULL),
(94, 'Александра', 'Заневская', 5, 0, NULL),
(95, 'Диана', 'Илькаева', 5, 0, NULL),
(96, 'Алексей', 'Казымов', 5, 0, NULL),
(97, 'Егор', 'Кутняков', 5, 0, NULL),
(98, 'Никита', 'Ларьков', 5, 1, '2023-10-07'),
(99, 'Валерия', 'Ломовских', 5, 0, NULL),
(100, 'Дмитрий', 'Майсак', 5, 0, NULL),
(101, 'Анна', 'Малышева', 5, 0, NULL),
(102, 'Роман', 'Петровский', 5, 0, NULL),
(103, 'Никита', 'Полтанов', 5, 0, NULL),
(104, 'Игорь', 'Родионов', 5, 0, NULL),
(105, 'Денислан', 'Сагдыев', 5, 0, NULL),
(106, 'Анна', 'Степанова', 5, 0, NULL),
(107, 'Григорий', 'Субботин', 5, 0, NULL),
(108, 'Эльтон', 'Умудов', 5, 0, NULL),
(109, 'Мария', 'Хохлова', 5, 0, NULL),
(110, 'Джанат', 'Шавалиева', 5, 0, NULL),
(111, 'Валерия', 'Шилова', 5, 0, NULL),
(112, 'Григорий', 'Янгузов', 5, 0, NULL),
(113, 'Евгений', 'Бузырев', 5, 0, NULL),
(114, 'Владислав', 'Ефимов', 5, 1, '2023-10-07'),
(115, 'Иван', 'Леушканов', 5, 0, NULL),
(116, 'Дмитрий', 'Титов', 5, 0, NULL),
(117, 'Эдуард', 'Ширинкин', 5, 0, NULL),
(118, 'Вадим', 'Аликин', 6, 0, NULL),
(119, 'Андрей', 'Березин', 6, 0, NULL),
(120, 'Лев', 'Вепрев', 6, 0, NULL),
(121, 'Максим', 'Верхоланцев', 6, 0, NULL),
(122, 'Анастасия', 'Вылегжанина', 6, 0, NULL),
(123, 'Аглая', 'Голубурдо', 6, 0, NULL),
(124, 'Абдулраззак', 'Дарвиш', 6, 0, NULL),
(125, 'Максим', 'Занин', 6, 0, NULL),
(126, 'Матвей', 'Казаринов', 6, 0, NULL),
(127, 'Кирилл', 'Коркунов', 6, 0, NULL),
(128, 'Иван', 'Леконцев', 6, 0, NULL),
(129, 'Михаил', 'Лузин', 6, 0, NULL),
(130, 'Дмитрий', 'Митюнин', 6, 0, NULL),
(131, 'Михаил', 'Озорнин', 6, 0, NULL),
(132, 'Михаил', 'Паксюаткин', 6, 0, NULL),
(133, 'Даниил', 'Пинаев', 6, 0, NULL),
(134, 'Денис', 'Подленко', 6, 0, NULL),
(136, 'Владислав', 'Прохоров', 6, 0, NULL),
(137, 'Юрий', 'Сарксян', 6, 0, NULL),
(138, 'Александр', 'Хлистунов', 6, 0, NULL),
(139, 'Анна', 'Черкашнева', 6, 0, NULL),
(141, 'Ефим', 'Ярыгин', 6, 0, NULL),
(143, 'Полина', 'Домрачева', 6, 1, '2024-01-25'),
(144, 'Ксения', 'Пак', 6, 0, NULL),
(145, 'Рустам', 'Шайхилисламов', 6, 0, NULL),
(146, 'Иван', 'Ячменев', 6, 0, NULL),
(148, 'Екатерина', 'Гладкая', 5, 0, NULL),
(149, 'Роман', 'Осипов', 2, 0, NULL),
(150, 'Михаил', 'Двинянинов', 6, 0, NULL),
(151, 'Далер', 'Мухридинов', 3, 0, NULL),
(152, 'Юлия', 'Андреева', 7, 0, NULL),
(153, 'Алёна', 'Долгих', 7, 0, NULL),
(154, 'Анна', 'Ларионова', 7, 0, NULL),
(155, 'Ксения', 'Лесина', 7, 0, NULL),
(156, 'Юлия', 'Маркова', 7, 0, NULL),
(157, 'Анна', 'Сидорова', 7, 0, NULL),
(158, 'Ирина', 'Старикова', 7, 0, NULL),
(159, 'Ангелина', 'Тарасова', 7, 0, NULL),
(160, 'Данил', 'Филиппов', 7, 0, NULL),
(161, 'Олеся', 'Харченко', 7, 0, NULL),
(162, 'Алёна', 'Южакова', 7, 0, NULL),
(163, 'Александр', 'Кирьянов', 8, 0, NULL),
(164, 'Александр ', 'Комлик', 8, 0, NULL),
(165, 'Владислав', 'Коробкин', 8, 0, NULL),
(166, 'Даниил', 'Кощеев', 8, 0, NULL),
(167, 'Альберт', 'Насыров', 8, 0, NULL),
(168, 'Денис', 'Останин', 8, 0, NULL),
(169, 'Никита ', 'Ходырев', 8, 0, NULL),
(170, 'Владимир', 'Чепеленко', 8, 0, NULL),
(171, 'Илья', 'Яшин', 8, 0, NULL),
(172, 'Наталья', 'Можаева', 2, 0, NULL),
(173, 'Павел', 'Ларцев', 5, 0, NULL),
(174, 'Даниил', 'Торсунов', 1, 0, NULL),
(175, 'Александр', 'Кислицын', 4, 0, NULL),
(176, 'Кирилл', 'Гладких', 5, 0, NULL);

-- --------------------------------------------------------

--
-- Структура таблицы `Work`
--

CREATE TABLE `Work` (
  `Id` int NOT NULL,
  `IdDiscipline` int NOT NULL,
  `IdType` int NOT NULL,
  `Date` date NOT NULL,
  `Name` varchar(1000) NOT NULL COMMENT 'Наименование',
  `Semester` int NOT NULL,
  `Blocked` tinyint(1) DEFAULT NULL COMMENT 'Заблокировано'
) ENGINE=InnoDB DEFAULT CHARSET=utf8mb4 COLLATE=utf8mb4_0900_ai_ci;

--
-- Дамп данных таблицы `Work`
--

INSERT INTO `Work` (`Id`, `IdDiscipline`, `IdType`, `Date`, `Name`, `Semester`, `Blocked`) VALUES
(1, 1, 2, '2023-09-04', 'Консультация', 1, 0),
(2, 12, 2, '2023-09-04', 'Консультация', 1, 0),
(3, 2, 2, '2023-09-04', 'Теоретический тест №0', 1, 0),
(4, 11, 2, '2023-09-04', 'Консультация', 1, 0),
(5, 1, 0, '2023-09-05', 'Понятие жизненного цикла ПО. Этапы жизненного цикла ПО', 1, 0),
(6, 2, 0, '2023-09-05', 'Понятие жизненного цикла ПО. Этапы жизненного цикла ПО', 1, 0),
(7, 11, 0, '2023-09-05', 'Организация работы в команде разработчиков', 1, 0),
(8, 12, 5, '2023-09-06', 'Формирование репозитория проекта, определение уровня доступа в системе контроля версий. Распределение ролей. (оценка за доклад)', 1, 0),
(9, 12, 0, '2023-09-05', 'Организация работы в команде разработчиков.', 1, 0),
(10, 11, 5, '2023-09-06', 'Формирование репозитория проекта, определение уровня доступа в системе контроля версий. Распределение ролей (оценка за доклад)', 1, 0),
(11, 1, 0, '2023-09-06', 'Модели жизненного цикла ПО', 1, 0),
(12, 2, 0, '2023-09-06', 'Модели жизненного цикла ПО.', 1, 0),
(13, 11, 0, '2023-09-07', 'Система контроля версий совместимость, установка, настройка', 1, 0),
(14, 12, 0, '2023-09-07', 'Система контроля версий совместимость, установка, настройка.', 1, 0),
(15, 1, 1, '2023-09-07', 'Практическое занятие №1', 1, 1),
(16, 2, 1, '2023-09-07', 'Практическое занятие №1', 1, 1),
(17, 1, 0, '2023-09-08', 'Формирование репозитория проекта, определение уровня доступа в системе контроля версий. Распределение ролей', 1, 0),
(18, 2, 0, '2023-09-08', 'Формирование репозитория проекта, определение уровня доступа в системе контроля версий. Распределение ролей', 1, 0),
(19, 11, 1, '2023-09-08', 'Практическое занятие №1', 1, 1),
(20, 12, 1, '2023-09-08', 'Практическое занятие №1.', 1, 1),
(21, 11, 0, '2023-09-11', 'Обеспечение кроссплатформенности информационной системы', 1, 0),
(22, 12, 0, '2023-09-11', 'Обеспечение кроссплатформенности информационной системы.', 1, 0),
(23, 11, 0, '2023-09-12', 'Сервисно-ориентированные архитектуры.', 1, 0),
(24, 12, 0, '2023-09-12', 'Сервисно-ориентированные архитектуры.', 1, 0),
(25, 1, 5, '2023-09-12', 'Система контроля версий совместимость, установка, настройка (оценка за доклады)', 1, 0),
(26, 2, 5, '2023-09-12', 'Система контроля версий совместимость, установка, настройка (оценка за доклады)', 1, 0),
(27, 9, 0, '2023-09-12', '', 4, 0),
(28, 10, 0, '2023-09-12', '', 4, 0),
(29, 10, 0, '2023-09-12', '', 4, 0),
(30, 10, 0, '2023-09-12', '', 4, 0),
(31, 9, 0, '2023-09-12', '', 4, 0),
(32, 9, 0, '2023-09-12', '', 4, 0),
(33, 1, 1, '2023-09-13', 'Практическое занятие №2', 1, 1),
(34, 2, 1, '2023-09-13', 'Практическое занятие №2', 1, 1),
(35, 11, 2, '2023-09-13', 'Интегрированные среды разработки для создания независимых программ (теоретический тест №1)', 1, 0),
(36, 12, 2, '2023-09-13', 'Интегрированные среды разработки для создания независимых программ. (теоретический тест №1)', 1, 0),
(37, 9, 0, '2023-09-13', '', 4, 0),
(38, 10, 0, '2023-09-13', '', 4, 0),
(39, 9, 0, '2023-09-13', '', 4, 0),
(40, 10, 0, '2023-09-13', '', 4, 0),
(41, 9, 0, '2023-09-13', '', 4, 0),
(42, 10, 0, '2023-09-13', '', 4, 0),
(43, 1, 0, '2023-09-14', 'Принципы ООП. Основные понятия', 1, 0),
(44, 2, 0, '2023-09-14', 'Принципы ООП. Основные понятия', 1, 0),
(45, 9, 0, '2023-09-14', '', 4, 0),
(46, 9, 0, '2023-09-14', '', 4, 0),
(47, 9, 0, '2023-09-14', '', 4, 0),
(48, 10, 0, '2023-09-14', '', 4, 0),
(49, 10, 0, '2023-09-14', '', 4, 0),
(50, 10, 0, '2023-09-14', '', 4, 0),
(51, 11, 0, '2023-09-15', 'Принципы ООП. Основные понятия.', 1, 0),
(52, 12, 0, '2023-09-15', 'Принципы ООП. Основные понятия.', 1, 0),
(53, 1, 2, '2023-09-15', 'Классы основные понятия.  Доступ к членам класса. (Теоретический тест №1)', 1, 0),
(54, 2, 2, '2023-09-15', 'Классы основные понятия. Доступ к членам класса. (Теоретический тест №1)', 1, 0),
(55, 9, 0, '2023-09-15', '', 4, 0),
(56, 10, 0, '2023-09-15', '', 4, 0),
(57, 9, 0, '2023-09-15', '', 4, 0),
(58, 10, 0, '2023-09-15', '', 4, 0),
(59, 9, 0, '2023-09-15', '', 4, 0),
(60, 10, 0, '2023-09-15', '', 4, 0),
(61, 9, 0, '2023-09-16', '', 4, 0),
(62, 10, 0, '2023-09-16', '', 4, 0),
(63, 9, 0, '2023-09-16', '', 4, 0),
(64, 10, 0, '2023-09-16', '', 4, 0),
(65, 9, 0, '2023-09-16', '', 4, 0),
(66, 10, 0, '2023-09-16', '', 4, 0),
(67, 11, 0, '2023-09-18', 'Объекты. Создание объектов. Уровни доступа к объектам. Массивы объектов.', 1, 0),
(68, 12, 0, '2023-09-18', 'Объекты. Создание объектов. Уровни доступа к объектам. Массивы объектов.', 1, 0),
(69, 11, 4, '2023-09-25', '', 1, 0),
(70, 12, 4, '2023-09-25', '', 1, 0),
(71, 1, 0, '2023-09-18', 'Объекты. Создание объектов. Уровни доступа к объектам. Массивы объектов.', 1, 0),
(72, 2, 0, '2023-09-18', 'Объекты. Создание объектов. Уровни доступа к объектам. Массивы объектов.', 1, 0),
(73, 9, 0, '2023-09-18', '', 4, 0),
(74, 10, 0, '2023-09-18', '', 4, 0),
(75, 9, 0, '2023-09-18', '', 4, 0),
(76, 9, 0, '2023-09-18', '', 4, 0),
(77, 10, 0, '2023-09-18', '', 4, 0),
(78, 10, 0, '2023-09-18', '', 4, 0),
(79, 9, 0, '2023-09-19', '', 4, 0),
(80, 9, 0, '2023-09-19', '', 4, 0),
(81, 9, 0, '2023-09-19', '', 4, 0),
(82, 10, 0, '2023-09-19', '', 4, 0),
(83, 10, 0, '2023-09-19', '', 4, 0),
(84, 10, 0, '2023-09-19', '', 4, 0),
(85, 1, 1, '2023-09-19', 'Практическое занятие №3', 1, 1),
(86, 2, 1, '2023-09-19', 'Практическое занятие №3', 1, 1),
(87, 11, 1, '2023-09-20', 'Практическое занятие №2', 1, 1),
(88, 12, 1, '2023-09-20', 'Практическое занятие №2', 1, 1),
(89, 1, 4, '2023-09-25', '', 1, 0),
(90, 9, 0, '2023-09-20', '', 4, 0),
(91, 9, 0, '2023-09-20', '', 4, 0),
(92, 9, 3, '2023-09-20', '', 4, 0),
(93, 10, 0, '2023-09-20', '', 4, 0),
(94, 10, 0, '2023-09-20', '', 4, 0),
(95, 10, 3, '2023-09-20', '', 4, 0),
(97, 2, 4, '2023-09-25', '', 1, 0),
(98, 1, 0, '2023-09-21', 'Конструкторы. Перегрузка конструкторов', 1, 0),
(99, 2, 0, '2023-09-21', 'Конструкторы. Перегрузка конструкторов', 1, 0),
(100, 11, 0, '2023-09-21', 'Конструкторы. Перегрузка конструкторов', 1, 0),
(101, 12, 0, '2023-09-21', 'Конструкторы. Перегрузка конструкторов', 1, 0),
(102, 11, 0, '2023-09-22', 'Методы. Перегрузка методов. Свойства. Аксессоры get и set. Автоматические свойства', 1, 0),
(103, 12, 0, '2023-09-22', 'Методы. Перегрузка методов. Свойства. Аксессоры get и set. Автоматические свойства', 1, 0),
(104, 1, 0, '2023-09-22', 'Основы наследования. Базовые классы. Производные классы. Вызов конструктора базового класса. Защищенный доступ', 1, 0),
(105, 2, 0, '2023-09-22', 'Основы наследования. Базовые классы. Производные классы. Вызов конструктора базового класса. Защищенный доступ', 1, 0),
(106, 1, 0, '2023-09-25', 'Методы. Перегрузка методов. Свойства. Аксессоры get и set. Автоматические свойства', 1, 0),
(107, 2, 0, '2023-09-25', 'Методы. Перегрузка методов. Свойства. Аксессоры get и set. Автоматические свойства', 1, 0),
(108, 11, 0, '2023-09-25', 'Основы наследования. Базовые классы. Производные классы. Вызов конструктора базового класса. Защищенный доступ', 1, 0),
(109, 12, 0, '2023-09-25', 'Основы наследования. Базовые классы. Производные классы. Вызов конструктора базового класса. Защищенный доступ', 1, 0),
(110, 11, 1, '2023-09-26', 'Практическое занятие №3', 1, 1),
(111, 12, 1, '2023-09-26', 'Практическое занятие №3', 1, 1),
(112, 1, 1, '2023-09-27', 'Практическое занятие №4', 1, 1),
(113, 2, 1, '2023-09-27', 'Практическое занятие №4', 1, 1),
(114, 1, 2, '2023-09-28', 'Операторы is и as (Теоретический тест №2)', 1, 0),
(115, 2, 2, '2023-09-28', 'Операторы is и as (теоретический тест №2)', 1, 0),
(116, 11, 2, '2023-09-28', 'Операторы is и as (Теоретический тест №2)', 1, 0),
(117, 12, 2, '2023-09-28', 'Операторы is и as (теоретический тест №2)', 1, 0),
(118, 1, 1, '2023-09-29', 'Практическое занятие №5', 1, 1),
(119, 2, 1, '2023-09-29', 'Практическое занятие №5', 1, 1),
(121, 1, 0, '2023-10-02', 'Виртуальные методы в C#. Переопределение методов', 1, 0),
(122, 2, 0, '2023-10-02', 'Виртуальные методы в C#. Переопределение методов', 1, 0),
(123, 1, 1, '2023-10-03', 'Практическое занятие №6', 1, 1),
(124, 2, 1, '2023-10-03', 'Практическое занятие №6', 1, 1),
(125, 12, 1, '2023-10-03', 'Практическое занятие №4', 1, 1),
(126, 2, 0, '2023-10-04', 'Интерфейсы. Синтаксис интерфейсов. Интерфейсы и наследование', 1, 0),
(127, 11, 1, '2023-10-04', 'Практическое занятие №4', 1, 1),
(128, 12, 0, '2023-10-04', 'Регулярные выражения', 1, 0),
(129, 1, 0, '2023-10-04', 'Интерфейсы', 1, 0),
(130, 1, 0, '2023-10-05', 'Абстрактные классы, методы и свойства', 1, 0),
(131, 2, 0, '2023-10-05', 'Абстрактные классы, методы и свойства', 1, 0),
(132, 11, 0, '2023-10-05', 'Регулярные выражения.', 1, 0),
(133, 12, 0, '2023-10-05', 'Консультация', 1, 0),
(134, 1, 0, '2023-10-06', 'Перегрузка операторов', 1, 0),
(135, 2, 0, '2023-10-06', 'Перегрузка операторов', 1, 0),
(136, 11, 0, '2023-10-07', 'Консультация', 1, 0),
(138, 12, 1, '2023-10-07', 'Практическое занятие №5', 1, 1),
(139, 1, 1, '2023-10-07', 'Практическое задание №7', 1, 1),
(141, 2, 1, '2023-10-07', 'Практическое задание №7', 1, 1),
(142, 11, 1, '2023-10-12', 'Практическое занятие №5', 1, 1),
(143, 1, 0, '2023-10-09', 'Структуры', 1, 0),
(144, 2, 0, '2023-10-09', 'Структуры', 1, 0),
(145, 1, 2, '2023-10-10', 'Коллекции. Параметризованные классы (Теоретический тест №3)', 1, 0),
(146, 1, 1, '2023-10-10', 'Практическое задание №8', 1, 1),
(147, 2, 2, '2023-10-10', 'Коллекции. Параметризованные классы', 1, 1),
(148, 2, 1, '2023-10-10', 'Практическое задание №8', 1, 1),
(149, 1, 0, '2023-10-11', 'Указатели. Операции со списками', 1, 0),
(150, 1, 1, '2023-10-11', 'Практическое задание №9', 1, 1),
(151, 2, 0, '2023-10-11', 'Указатели', 1, 0),
(152, 2, 1, '2023-10-11', 'Практическое задание №9', 1, 1),
(153, 12, 1, '2023-10-12', 'Практическое занятие №6', 1, 1),
(154, 2, 1, '2023-10-12', 'Практическое занятие №10', 1, 1),
(155, 1, 1, '2023-10-12', 'Практическое задание №10', 1, 1),
(160, 11, 1, '2023-10-13', 'Практическое занятие №6', 1, 1),
(163, 12, 0, '2023-10-13', 'Настройки среды разработки', 1, 0),
(164, 2, 0, '2023-10-16', 'Консультация', 1, 0),
(165, 1, 0, '2023-10-16', 'Консультация', 1, 0),
(166, 11, 1, '2023-10-16', 'Практическое занятие №7', 1, 1),
(167, 12, 1, '2023-10-16', 'Практическое занятие №7', 1, 1),
(168, 2, 1, '2023-10-17', 'Практическое занятие №11', 1, 1),
(169, 1, 1, '2023-10-17', 'Практическое занятие №11', 1, 1),
(170, 12, 0, '2023-10-17', 'Объектно-ориентированный подход к хранению данных в базах данных', 1, 0),
(171, 1, 4, '2023-10-19', '', 1, 0),
(172, 11, 0, '2023-10-17', 'Объектно-ориентированный подход к хранению данных в базах данных', 1, 0),
(173, 11, 4, '2023-10-19', '', 1, 0),
(174, 12, 4, '2023-10-19', '', 1, 0),
(175, 11, 0, '2023-10-18', 'Настройки среды разработки', 1, 0),
(176, 1, 1, '2023-10-18', 'Практическое занятие №12', 1, 1),
(177, 2, 1, '2023-10-18', 'Практическое занятие №12', 1, 1),
(178, 2, 4, '2023-10-19', '', 1, 0),
(179, 12, 1, '2023-10-19', 'Практическое занятие №8', 1, 1),
(180, 11, 1, '2023-10-19', 'Практическое занятие №8', 1, 1),
(181, 1, 0, '2023-10-19', 'Регулярные выражения.', 1, 0),
(182, 2, 0, '2023-10-19', 'Регулярные выражения.', 1, 0),
(183, 13, 1, '2023-10-20', 'Практическое занятие №1', 1, 0),
(184, 14, 1, '2023-10-20', 'Практическое занятие №1', 1, 0),
(185, 1, 1, '2023-10-20', 'Практическое занятие №13', 1, 1),
(186, 2, 1, '2023-10-20', 'Практическое занятие №13', 1, 1),
(187, 12, 0, '2023-10-21', 'Построение архитектуры проекта. Шаблон проекта', 1, 0),
(188, 11, 0, '2023-10-21', 'Построение архитектуры проекта. Шаблон проекта', 1, 0),
(189, 1, 5, '2023-10-21', 'Разработка модулей для обработки событий', 1, 0),
(190, 2, 5, '2023-10-21', 'Разработка модулей для обработки событий', 1, 0),
(191, 12, 1, '2023-10-31', 'Практическое занятие №9', 1, 1),
(192, 11, 1, '2023-10-31', 'Практическое занятие №9', 1, 1),
(193, 1, 1, '2023-10-31', 'Практическая работа №14', 1, 1),
(194, 2, 1, '2023-10-31', 'Практическое занятие №14', 1, 1),
(195, 1, 0, '2023-11-01', 'Событийно-управляемое программирование', 1, 0),
(196, 2, 0, '2023-11-01', 'Событийно-управляемое программирование', 1, 0),
(197, 1, 0, '2023-11-02', 'Элементы управления. Диалоговые окна', 1, 0),
(198, 2, 0, '2023-11-02', '21. Элементы управления. Диалоговые окна', 1, 0),
(199, 11, 0, '2023-11-03', 'Понятие спецификации языка программирования. Синтаксис языка программирования. Стиль программирования', 1, 0),
(200, 12, 0, '2023-11-03', 'Понятие спецификации языка программирования. Синтаксис языка программирования. Стиль программирования', 1, 0),
(201, 11, 1, '2023-11-07', 'Практическое занятие №10', 1, 1),
(202, 12, 1, '2023-11-07', 'Практическое занятие №10', 1, 1),
(203, 1, 0, '2023-11-07', 'Связывание обработчиков событий с элементами интерфейса', 1, 0),
(204, 2, 0, '2023-11-07', 'Связывание обработчиков событий с элементами интерфейса', 1, 0),
(205, 2, 1, '2023-11-08', 'Практическое занятие №15', 1, 1),
(206, 1, 1, '2023-11-08', 'Практическая работа №15', 1, 1),
(207, 1, 5, '2023-11-09', 'Правила разработки интерфейсов пользователя', 1, 0),
(208, 2, 0, '2023-11-09', 'Правила разработки интерфейсов пользователя', 1, 0),
(209, 11, 0, '2023-11-09', 'Определение конфигурации информационной системы. Выбор технических средств', 1, 0),
(210, 12, 0, '2023-11-09', 'Определение конфигурации информационной системы. Выбор технических средств', 1, 0),
(211, 12, 2, '2023-11-10', 'Разработка графического интерфейса пользователя', 1, 0),
(212, 11, 2, '2023-11-10', 'Правила разработки интерфейсов (Теоретический тест №3)', 1, 0),
(213, 1, 0, '2023-11-11', 'Требования к интерфейсу пользователя. Принципы создания графического пользовательского интерфейса (GUI)', 1, 0),
(214, 2, 0, '2023-11-11', 'Требования к интерфейсу пользователя. Принципы создания графического пользовательского интерфейса (GUI)', 1, 0),
(215, 11, 1, '2023-11-11', 'Практическое занятие №11', 1, 1),
(216, 12, 1, '2023-11-11', 'Практическое занятие №11', 1, 1),
(217, 11, 0, '2023-11-14', 'Требования к интерфейсу пользователя. Принципы создания графического пользовательского интерфейса (GUI)', 1, 0),
(218, 12, 0, '2023-11-14', 'Требования к интерфейсу пользователя. Принципы создания графического пользовательского интерфейса (GUI)', 1, 0),
(219, 1, 0, '2023-11-14', 'Работа с базами данных', 1, 0),
(220, 2, 0, '2023-11-14', 'Работа с базами данных', 1, 0),
(221, 2, 1, '2023-11-15', 'Практическое занятие №16', 1, 1),
(222, 1, 1, '2023-11-15', 'Практическая работа №16', 1, 1),
(223, 1, 2, '2023-11-16', 'Доступ к данным. Объекты ADO.Net (Теоретический тест №4)', 1, 0),
(224, 2, 2, '2023-11-16', 'Теоретический тест №4', 1, 0),
(225, 11, 0, '2023-11-17', 'Мониторинг разработки проекта. Сохранение версий проекта', 1, 0),
(226, 12, 0, '2023-11-17', 'Мониторинг разработки проекта. Сохранение версий проекта', 1, 0),
(227, 1, 1, '2023-11-18', 'Практическая работа №17', 1, 1),
(228, 1, 0, '2023-11-18', 'Работа с базой данных из WPF. Объект Command', 1, 0),
(229, 2, 1, '2023-11-18', 'Практическая работа №17', 1, 1),
(230, 2, 0, '2023-11-18', '', 1, 0),
(231, 12, 1, '2023-11-18', 'Практическое занятие №12', 1, 1),
(232, 13, 1, '2023-11-17', '', 1, 0),
(233, 14, 1, '2023-11-17', 'Практическое занятие №2', 1, 0),
(234, 11, 1, '2023-11-18', 'Практическое занятие №12', 1, 1),
(235, 12, 0, '2023-11-21', 'Основные конструкции выбранного языка программирования. Описание переменных, организация ввода-вывода, реализация типовых алгоритмов', 1, 0),
(236, 1, 1, '2023-11-21', 'Практическое занятие №18', 1, 1),
(237, 2, 1, '2023-11-21', 'Практическая работа №18', 1, 1),
(238, 12, 4, '2023-11-25', '', 1, 0),
(239, 1, 4, '2023-11-25', '', 1, 0),
(240, 2, 4, '2023-11-25', '', 1, 0),
(241, 1, 1, '2023-11-22', 'Практическое занятие №19', 1, 1),
(242, 2, 1, '2023-11-22', 'Практическое занятие №19', 1, 1),
(243, 1, 1, '2023-11-23', 'Практическое занятие №20', 1, 1),
(244, 2, 1, '2023-11-23', 'Практическое занятие №20', 1, 1),
(245, 12, 0, '2023-11-24', 'Транспортные протоколы', 1, 0),
(246, 11, 4, '2023-11-25', '', 1, 0),
(247, 12, 1, '2023-11-28', 'Практическое занятие №13', 1, 1),
(248, 1, 1, '2023-11-28', 'Практическое занятие №21', 1, 1),
(249, 2, 1, '2023-11-28', 'Практическое занятие №21', 1, 1),
(250, 2, 1, '2023-11-29', 'Практическое занятие №22', 1, 1),
(251, 1, 1, '2023-11-29', 'Практическое занятие №22', 1, 1),
(252, 12, 0, '2023-11-29', 'Организация файлового ввода-вывода. Спецификация настроек типовой ИС', 1, 0),
(253, 1, 0, '2023-11-30', 'Создание таблицы, работа с записями', 1, 0),
(254, 2, 0, '2023-11-30', '', 1, 0),
(255, 12, 0, '2023-12-01', 'Создание сетевого сервера и сетевого клиента', 1, 0),
(256, 12, 1, '2023-12-02', 'Практическое занятие №14', 1, 1),
(257, 1, 1, '2023-12-02', 'Практическое занятие №23', 1, 1),
(258, 2, 1, '2023-12-02', 'Практическое занятие №23', 1, 1),
(259, 12, 1, '2023-12-05', 'Практическое занятие №15', 1, 1),
(260, 1, 1, '2023-12-05', 'Практическое занятие №24', 1, 1),
(261, 2, 1, '2023-12-05', 'Практическое занятие №24', 1, 1),
(262, 5, 0, '2023-12-06', 'Основные платформы мобильных приложений, сравнительная характеристика', 1, 0),
(263, 6, 0, '2023-12-06', 'Основные платформы мобильных приложений, сравнительная характеристика', 1, 0),
(264, 5, 0, '2023-12-06', 'Основные характеристики мобильных приложений', 1, 0),
(265, 6, 0, '2023-12-06', 'Основные характеристики мобильных приложений', 1, 0),
(266, 1, 1, '2023-12-06', 'Практическое занятие №25', 1, 1),
(267, 2, 1, '2023-12-06', 'Практическое занятие №25', 1, 1),
(268, 1, 1, '2023-12-07', 'Практическое занятие №26', 1, 1),
(269, 2, 1, '2023-12-07', 'Практическое занятие №26', 1, 1),
(270, 1, 0, '2023-12-08', 'Консультация', 1, 0),
(271, 1, 1, '2023-12-12', 'Практическое занятие №27', 1, 1),
(272, 2, 0, '2023-12-08', 'Консультация', 1, 0),
(273, 2, 1, '2023-12-12', 'Практическое занятие №27', 1, 1),
(274, 5, 1, '2023-12-07', 'Практическое занятие №1', 1, 1),
(275, 5, 1, '2023-12-07', 'Практическое занятие №2', 1, 1),
(276, 5, 1, '2023-12-07', 'Практическое занятие №3', 1, 1),
(277, 6, 1, '2023-12-07', 'Практическое занятие №1', 1, 1),
(278, 6, 1, '2023-12-07', 'Практическое занятие №2', 1, 1),
(279, 6, 1, '2023-12-07', 'Практическое занятие №3', 1, 1),
(280, 5, 0, '2023-12-08', 'Нативные приложения, веб-приложения, гибридные и кроссплатформенные приложения, их области применения', 1, 0),
(281, 5, 1, '2023-12-08', 'Практическое занятие №4', 1, 1),
(282, 6, 0, '2023-12-08', 'Нативные приложения, веб-приложения, гибридные и кроссплатформенные приложения, их области применения', 1, 0),
(283, 6, 1, '2023-12-08', 'Практическое занятие №4', 1, 1),
(284, 6, 1, '2023-12-13', 'Практическое занятие №5', 1, 1),
(286, 11, 0, '2023-12-12', 'Основные конструкции выбранного языка программирования. Описание переменных, организация ввода-вывода, реализация типовых алгоритмов', 1, 0),
(288, 11, 0, '2023-12-15', 'Транспортные протоколы', 1, 0),
(289, 11, 1, '2023-12-16', 'Практическое занятие №13', 1, 1),
(290, 11, 1, '2023-12-19', 'Практическое занятие №14', 1, 1),
(291, 11, 0, '2023-12-22', 'Создание сетевого сервера и сетевого клиента', 1, 0),
(292, 11, 0, '2023-12-23', 'Организация файлового ввода-вывода. Спецификация настроек типовой ИС', 1, 0),
(293, 11, 1, '2023-12-26', 'Практическое занятие №15', 1, 1),
(294, 5, 1, '2023-12-13', 'Практическое занятие №5', 1, 1),
(295, 5, 1, '2023-12-14', 'Практическое занятие №6', 1, 1),
(296, 5, 1, '2023-12-14', 'Практическое занятие №7', 1, 1),
(297, 5, 0, '2023-12-14', 'Основные языки для разработки мобильных приложений (Java)', 1, 0),
(298, 6, 1, '2023-12-14', 'Практическое занятие №6', 1, 1),
(299, 6, 1, '2023-12-14', 'Практическое занятие №7', 1, 1),
(300, 6, 0, '2023-12-14', 'Основные языки для разработки мобильных приложений (Java)', 1, 0),
(301, 5, 0, '2023-12-15', 'Основные языки для разработки мобильных приложений (С#)', 1, 0),
(302, 5, 0, '2023-12-15', 'Основные языки для разработки мобильных приложений (Objective-C )', 1, 0),
(303, 6, 0, '2023-12-15', 'Основные языки для разработки мобильных приложений (С#)', 1, 0),
(304, 6, 0, '2023-12-15', 'Основные языки для разработки мобильных приложений (Objective-C )', 1, 0),
(305, 11, 4, '2024-01-15', 'Дифференцированный зачет', 1, 0),
(306, 5, 0, '2023-12-22', '', 1, 0),
(307, 6, 2, '2023-12-20', 'Инструменты разработки мобильных приложений (JDK, AndroidStudio) [Теоретический тест №1]', 1, 0),
(308, 5, 2, '2023-12-20', 'Инструменты разработки мобильных приложений (JDK, AndroidStudio) [Теоретический тест №1]', 1, 0),
(309, 5, 1, '2023-12-21', 'Практическое занятие №8', 1, 1),
(310, 5, 1, '2023-12-21', 'Практическое занятие №9', 1, 1),
(311, 5, 0, '2023-12-21', 'Инструменты разработки мобильных приложений ( WebView Phonegap и др.)', 1, 0),
(312, 6, 1, '2023-12-21', 'Практическое занятие №8', 1, 1),
(313, 6, 1, '2023-12-21', 'Практическое занятие №9', 1, 1),
(314, 6, 0, '2023-12-21', 'Инструменты разработки мобильных приложений ( WebView Phonegap и др.)', 1, 0),
(315, 6, 0, '2023-12-22', '', 1, 0),
(316, 6, 0, '2023-12-22', '', 1, 0),
(317, 5, 0, '2023-12-22', '', 1, 0),
(318, 12, 4, '2024-01-15', 'Дифференцированный зачет', 1, 0),
(319, 5, 4, '2023-12-22', '', 1, 0),
(320, 6, 4, '2023-12-22', '', 1, 0),
(321, 5, 0, '2023-12-27', 'Элементы управления и контейнеры', 1, 0),
(322, 6, 0, '2023-12-27', 'Элементы управления и контейнеры', 1, 0),
(323, 5, 1, '2023-12-28', 'Практическое занятие №10', 1, 1),
(324, 5, 1, '2023-12-28', 'Практическое занятие №11', 1, 1),
(325, 5, 1, '2023-12-28', 'Практическое занятие №12', 1, 1),
(326, 6, 1, '2023-12-28', 'Практическое занятие №10', 1, 1),
(327, 6, 1, '2023-12-28', 'Практическое занятие №11', 1, 1),
(328, 6, 1, '2023-12-28', 'Практическое занятие №12', 1, 1),
(329, 5, 0, '2023-12-29', 'Работа со списками. Способы хранения данных', 1, 0),
(330, 5, 0, '2023-12-29', 'Архитектура платформы Android. Уровень ядра. Уровень библиотек.', 1, 0),
(331, 6, 0, '2023-12-29', 'Работа со списками. Способы хранения данных', 1, 0),
(332, 6, 0, '2023-12-29', 'Архитектура платформы Android. Уровень ядра. Уровень библиотек.', 1, 0),
(333, 1, 3, '2024-01-16', '', 1, 0),
(334, 5, 0, '2024-01-17', 'Архитектура платформы Android. Dalvik Virtual Machine.', 1, 0),
(335, 6, 0, '2024-01-17', 'Архитектура платформы Android. Dalvik Virtual Machine.', 1, 0),
(336, 5, 1, '2024-01-18', 'Практическое занятие №13', 1, 1),
(337, 5, 1, '2024-01-18', 'Практическое занятие №14', 1, 1),
(338, 5, 1, '2024-01-18', 'Практическое занятие №15', 1, 1),
(339, 6, 1, '2024-01-18', 'Практическое занятие №13', 1, 1),
(340, 6, 1, '2024-01-18', 'Практическое занятие №14', 1, 1),
(341, 6, 1, '2024-01-18', 'Практическое занятие №15', 1, 1),
(342, 5, 2, '2024-01-19', '15 тема [Теоретический тест]', 1, 0),
(343, 5, 0, '2024-01-19', '16. Среда разработки для Android. Eclipse IDE. Плагин ADT. Android Virtual Device.', 1, 0),
(344, 6, 2, '2024-01-19', '15 тема [Теоретический тест]', 1, 0),
(345, 6, 0, '2024-01-24', '17. Android SDK. Версии SDK', 1, 0),
(346, 1, 1, '2024-01-24', 'Пустая пара', 2, 0),
(347, 11, 1, '2024-01-24', 'Практическое задание №16', 2, 0),
(348, 11, 1, '2024-01-26', 'Практическое задание №17', 2, 0),
(349, 5, 0, '2024-01-24', '17. Android SDK. Версии SDK', 1, 0),
(350, 12, 1, '2024-01-24', 'Практическое занятие №16', 2, 0),
(351, 6, 1, '2024-01-25', 'Практическое задание №16', 1, 0),
(352, 6, 1, '2024-01-25', 'Практическое задание №17', 1, 0),
(353, 6, 1, '2024-01-25', 'Практическое задание №18', 1, 0),
(354, 5, 1, '2024-01-25', 'Практическое задание №16', 1, 0),
(355, 5, 1, '2024-01-25', 'Практическое задание №17', 1, 0),
(356, 5, 1, '2024-01-25', 'Практическое задание №18', 1, 0),
(357, 6, 0, '2024-01-19', '16. Среда разработки для Android. Eclipse IDE. Плагин ADT. Android Virtual Device.', 1, 0),
(358, 5, 5, '2024-01-26', '17. Android SDK. Версии SDK', 1, 0),
(359, 5, 0, '2024-01-26', '20. Базовые элементы управления. TextView. EditText. Тип ввода текста. Параметры отображения клавиатуры. ImageView.', 1, 0),
(360, 6, 5, '2024-01-26', '17. Android SDK. Версии SDK', 1, 0),
(361, 6, 0, '2024-01-26', '20. Базовые элементы управления. TextView. EditText. Тип ввода текста. Параметры отображения клавиатуры. ImageView.', 1, 0),
(362, 12, 1, '2024-01-26', 'Практическое задание №17', 2, 0),
(363, 11, 0, '2024-01-27', 'Ознакомление обучающихся с целями и задачами курсового проектирования, с тематикой курсового проекта, выбор темы. Ознакомление обучающихся с графиком выполнения курсового проекта, выдача задания и методических рекомендаций для выполнения курсового проекта', 3, 0),
(364, 11, 0, '2024-01-27', 'Рекомендации по содержанию теоретической и практической частей  курсового проекта', 3, 0),
(365, 12, 0, '2024-01-27', 'Ознакомление обучающихся с целями и задачами курсового проектирования, с тематикой курсового проекта, выбор темы. Ознакомление обучающихся с графиком выполнения курсового проекта, выдача задания и методических рекомендаций для выполнения курсового проекта', 3, 0),
(366, 12, 0, '2024-01-27', 'Рекомендации по содержанию теоретической и практической частей  курсового проекта', 3, 0),
(367, 5, 4, '2024-01-25', '', 1, 0),
(369, 6, 4, '2024-01-25', '', 1, 0),
(370, 11, 1, '2024-01-31', 'Практическое задание №18', 2, 0),
(371, 12, 1, '2024-01-31', 'Практическое задание №18', 2, 0),
(372, 5, 2, '2024-01-31', '21. Диалоговые окна. AlertDialog. ProgressDialog. DatePickerDialog. TimePickerDialog [Теоретический тест 3]', 1, 0),
(373, 6, 2, '2024-01-31', '21. Диалоговые окна. AlertDialog. ProgressDialog. DatePickerDialog. TimePickerDialog', 1, 0),
(374, 11, 0, '2024-02-01', 'Обоснование и осуществление выбора модели построения или модификации', 2, 0),
(375, 12, 0, '2024-02-01', 'Обоснование и осуществление выбора модели построения или модификации', 1, 0),
(376, 5, 1, '2024-02-01', 'Практическое задание №21', 1, 0),
(377, 5, 1, '2024-02-01', 'Практическое задание №22', 1, 0),
(378, 5, 1, '2024-02-01', 'Практическое задание №23', 1, 0),
(379, 6, 1, '2024-02-01', 'Практическое задание №21', 1, 0),
(380, 6, 1, '2024-02-01', 'Практическое задание №22', 1, 0),
(381, 6, 1, '2024-02-01', 'Практическое задание №23', 1, 0);

-- --------------------------------------------------------

--
-- Структура таблицы `WorkMonth`
--

CREATE TABLE `WorkMonth` (
  `id` int NOT NULL COMMENT 'Код',
  `idWork` int NOT NULL COMMENT 'Код работы',
  `idWorkMonth` int NOT NULL COMMENT 'Код работы за месяц'
) ENGINE=InnoDB DEFAULT CHARSET=utf8mb4 COLLATE=utf8mb4_0900_ai_ci;

--
-- Дамп данных таблицы `WorkMonth`
--

INSERT INTO `WorkMonth` (`id`, `idWork`, `idWorkMonth`) VALUES
(6, 69, 10),
(7, 69, 19),
(8, 69, 35),
(9, 70, 8),
(10, 70, 20),
(11, 70, 36),
(12, 89, 15),
(13, 89, 33),
(14, 89, 53),
(15, 97, 16),
(16, 97, 34),
(17, 97, 54),
(18, 120, 19),
(19, 120, 87),
(20, 120, 110),
(21, 120, 116),
(49, 173, 19),
(50, 173, 35),
(51, 173, 87),
(52, 173, 110),
(53, 173, 116),
(54, 173, 127),
(55, 173, 142),
(56, 174, 20),
(57, 174, 36),
(58, 174, 88),
(59, 174, 111),
(60, 174, 117),
(61, 174, 125),
(62, 174, 138),
(76, 178, 16),
(77, 178, 34),
(78, 178, 54),
(79, 178, 86),
(80, 178, 113),
(81, 178, 115),
(82, 178, 119),
(83, 178, 124),
(84, 178, 141),
(85, 178, 147),
(86, 178, 148),
(87, 178, 152),
(88, 178, 154),
(89, 171, 15),
(90, 171, 33),
(91, 171, 53),
(92, 171, 85),
(93, 171, 112),
(94, 171, 114),
(95, 171, 118),
(96, 171, 123),
(97, 171, 139),
(98, 171, 145),
(99, 171, 146),
(100, 171, 150),
(116, 238, 20),
(117, 238, 36),
(118, 238, 88),
(119, 238, 111),
(120, 238, 117),
(121, 238, 125),
(122, 238, 138),
(123, 238, 153),
(124, 238, 167),
(125, 238, 179),
(126, 238, 191),
(127, 238, 202),
(128, 238, 211),
(129, 238, 216),
(130, 239, 15),
(131, 239, 33),
(132, 239, 53),
(133, 239, 85),
(134, 239, 112),
(135, 239, 114),
(136, 239, 118),
(137, 239, 123),
(138, 239, 139),
(139, 239, 145),
(140, 239, 146),
(141, 239, 150),
(142, 239, 155),
(143, 239, 169),
(144, 239, 176),
(145, 239, 185),
(146, 239, 193),
(147, 239, 206),
(148, 239, 222),
(149, 239, 223),
(150, 239, 227),
(151, 240, 16),
(152, 240, 34),
(153, 240, 54),
(154, 240, 86),
(155, 240, 113),
(156, 240, 115),
(157, 240, 119),
(158, 240, 124),
(159, 240, 141),
(160, 240, 147),
(161, 240, 148),
(162, 240, 152),
(163, 240, 154),
(164, 240, 168),
(165, 240, 177),
(166, 240, 186),
(167, 240, 194),
(168, 240, 205),
(169, 240, 221),
(170, 240, 224),
(171, 240, 229),
(172, 246, 19),
(173, 246, 35),
(174, 246, 87),
(175, 246, 110),
(176, 246, 116),
(177, 246, 127),
(178, 246, 142),
(179, 246, 160),
(180, 246, 166),
(181, 246, 180),
(182, 246, 192),
(183, 246, 201),
(184, 246, 212),
(203, 319, 274),
(204, 319, 275),
(205, 319, 276),
(206, 319, 281),
(207, 319, 294),
(208, 319, 295),
(209, 319, 296),
(210, 320, 277),
(211, 320, 278),
(212, 320, 279),
(213, 320, 283),
(214, 320, 284),
(215, 320, 298),
(216, 320, 299),
(235, 305, 19),
(236, 305, 35),
(237, 305, 87),
(238, 305, 110),
(239, 305, 116),
(240, 305, 127),
(241, 305, 142),
(242, 305, 160),
(243, 305, 166),
(244, 305, 180),
(245, 305, 192),
(246, 305, 201),
(247, 305, 212),
(248, 305, 215),
(249, 305, 234),
(250, 305, 289),
(251, 305, 290),
(252, 305, 293),
(271, 318, 20),
(272, 318, 36),
(273, 318, 88),
(274, 318, 111),
(275, 318, 117),
(276, 318, 125),
(277, 318, 138),
(278, 318, 153),
(279, 318, 167),
(280, 318, 179),
(281, 318, 191),
(282, 318, 202),
(283, 318, 211),
(284, 318, 216),
(285, 318, 231),
(286, 318, 247),
(287, 318, 256),
(288, 318, 259),
(306, 367, 274),
(307, 367, 275),
(308, 367, 276),
(309, 367, 281),
(310, 367, 294),
(311, 367, 295),
(312, 367, 296),
(313, 367, 308),
(314, 367, 309),
(315, 367, 310),
(316, 367, 323),
(317, 367, 324),
(318, 367, 325),
(319, 367, 336),
(320, 367, 337),
(321, 367, 338),
(322, 367, 342),
(323, 368, 274),
(324, 368, 275),
(325, 368, 276),
(326, 368, 281),
(327, 368, 294),
(328, 368, 295),
(329, 368, 296),
(330, 368, 308),
(331, 368, 309),
(332, 368, 310),
(333, 368, 323),
(334, 368, 324),
(335, 368, 325),
(336, 368, 336),
(337, 368, 337),
(338, 368, 338),
(339, 368, 342),
(340, 369, 277),
(341, 369, 278),
(342, 369, 279),
(343, 369, 283),
(344, 369, 284),
(345, 369, 298),
(346, 369, 299),
(347, 369, 307),
(348, 369, 312),
(349, 369, 313),
(350, 369, 326),
(351, 369, 327),
(352, 369, 328),
(353, 369, 339),
(354, 369, 340),
(355, 369, 341),
(356, 369, 344);

--
-- Индексы сохранённых таблиц
--

--
-- Индексы таблицы `Discipline`
--
ALTER TABLE `Discipline`
  ADD PRIMARY KEY (`Id`);

--
-- Индексы таблицы `Evaluation`
--
ALTER TABLE `Evaluation`
  ADD PRIMARY KEY (`Id`);

--
-- Индексы таблицы `Group`
--
ALTER TABLE `Group`
  ADD PRIMARY KEY (`Id`);

--
-- Индексы таблицы `Student`
--
ALTER TABLE `Student`
  ADD PRIMARY KEY (`Id`);

--
-- Индексы таблицы `Work`
--
ALTER TABLE `Work`
  ADD PRIMARY KEY (`Id`);

--
-- Индексы таблицы `WorkMonth`
--
ALTER TABLE `WorkMonth`
  ADD PRIMARY KEY (`id`);

--
-- AUTO_INCREMENT для сохранённых таблиц
--

--
-- AUTO_INCREMENT для таблицы `Discipline`
--
ALTER TABLE `Discipline`
  MODIFY `Id` int NOT NULL AUTO_INCREMENT COMMENT 'Код', AUTO_INCREMENT=15;

--
-- AUTO_INCREMENT для таблицы `Evaluation`
--
ALTER TABLE `Evaluation`
  MODIFY `Id` int NOT NULL AUTO_INCREMENT COMMENT 'Код', AUTO_INCREMENT=3917;

--
-- AUTO_INCREMENT для таблицы `Group`
--
ALTER TABLE `Group`
  MODIFY `Id` int NOT NULL AUTO_INCREMENT, AUTO_INCREMENT=9;

--
-- AUTO_INCREMENT для таблицы `Student`
--
ALTER TABLE `Student`
  MODIFY `Id` int NOT NULL AUTO_INCREMENT, AUTO_INCREMENT=177;

--
-- AUTO_INCREMENT для таблицы `Work`
--
ALTER TABLE `Work`
  MODIFY `Id` int NOT NULL AUTO_INCREMENT, AUTO_INCREMENT=382;

--
-- AUTO_INCREMENT для таблицы `WorkMonth`
--
ALTER TABLE `WorkMonth`
  MODIFY `id` int NOT NULL AUTO_INCREMENT COMMENT 'Код', AUTO_INCREMENT=357;
COMMIT;

/*!40101 SET CHARACTER_SET_CLIENT=@OLD_CHARACTER_SET_CLIENT */;
/*!40101 SET CHARACTER_SET_RESULTS=@OLD_CHARACTER_SET_RESULTS */;
/*!40101 SET COLLATION_CONNECTION=@OLD_COLLATION_CONNECTION */;
